orig_lon,orig_lat,dest_lon,dest_lat,duration_s,distance_m,n_turns
-122.35226345715995,47.624554704186735,-122.43468736630149,47.56368749104506,1205.4,13939.1,3
-122.27360340921462,47.62934823786811,-122.28022824765321,47.52140467814593,1534.4,19246.7,7
-122.26786688750101,47.5629305424823,-122.35615758678478,47.60537165325702,1201.2,10351.0,9
-122.25246568432377,47.67503211206424,-122.43344361126607,47.714834196215314,1600.7,13544.6,9
-122.33888636200864,47.605943070083406,-122.39044004374445,47.55274700813133,813.6,9236.9,6
-122.27897442509908,47.60526641361284,-122.3550871888923,47.54300285904013,1325.3,13036.5,8
-122.42090911648393,47.58929935893428,-122.38536187212578,47.715712357658035,2249.5,29115.5,7
-122.29566310021016,47.551140924223,-122.25443804340355,47.72075959436784,2430.4,35976.2,9
-122.30434557570611,47.694196445253944,-122.32375297101443,47.51598751250657,1477.8,22634.2,8
-122.37503285397726,47.597608771514054,-122.43420302924102,47.576657940231556,540.8,4176.6,1
-122.29692076471943,47.669333130141936,-122.23787599823594,47.692698796440595,1680.2,21047.9,6
-122.39697524201314,47.54546735828066,-122.29877530971929,47.524160554582885,1348.8,12412.6,9
-122.37122457838166,47.70483036414878,-122.26367515685733,47.652926785155714,1284.7,13278.6,11
-122.23584753920852,47.601639110206975,-122.36855772048047,47.53431060232406,1339.6,18098.1,10
-122.285614763239,47.515422119719545,-122.23830401137201,47.58703010806902,1245.3,17380.9,7
-122.39277317466731,47.534974012402266,-122.42232130415923,47.537683630125464,120.3,947.6,4
-122.268479256484,47.632804892756695,-122.29902884747624,47.61983139157139,341.4,2538.3,7
-122.37598955546518,47.6212518736893,-122.3304409053549,47.62903205758637,755.9,5373.1,6
-122.33123329410495,47.52600213557964,-122.31309014044876,47.72433950066737,1594.7,26237.7,7
-122.37162447417022,47.4989238024594,-122.38938528751186,47.67799453679422,2070.5,26074.7,12
-122.43108514943167,47.692243980399496,-122.30620301339671,47.671451983954,1298.2,10517.0,4
-122.41365929457825,47.64021749527437,-122.34457661303371,47.55322245562091,1704.8,17470.4,13
-122.40681122712155,47.55150496803295,-122.26524710608233,47.58829358466649,1125.7,15356.9,4
-122.34910414860498,47.50680510164429,-122.24469990415427,47.56241475993885,1521.6,22083.6,9
-122.40488293817708,47.65664092220832,-122.35116825181515,47.57539112127254,2024.0,18831.9,17
-122.26696364129184,47.532426307125746,-122.43275046008056,47.725039034546086,2110.3,27471.2,6
-122.31845485443273,47.63193181498358,-122.33254702392301,47.55252963527506,911.6,11683.7,7
-122.3678450739507,47.63742456975297,-122.26419351986935,47.6539883615049,1172.2,10505.5,11
-122.30949911376214,47.62187668309966,-122.40858449696438,47.703090045536506,1460.6,16806.2,8
-122.34199443119755,47.621474115590374,-122.29745888259212,47.64719189535434,887.7,15990.0,2
-122.37964429882872,47.49772580692777,-122.35391680561948,47.65633962037585,1763.9,21674.8,14
-122.39908158315494,47.6265783965282,-122.41612563010095,47.57888325162483,1648.7,17460.4,8
-122.38577460424605,47.716219372010556,-122.35285822077472,47.61344964142567,1389.5,14199.0,4
-122.38751699742514,47.59669822334273,-122.25691616166453,47.62444501489301,1625.6,24648.1,5
-122.28612592202361,47.512430882770765,-122.31293429725125,47.5680973725551,657.5,10459.2,2
-122.36753389370834,47.624580222857595,-122.33241374185727,47.72435046068882,1097.5,15575.2,7
-122.29807799193793,47.62451527416486,-122.29183121136552,47.59689348251123,436.0,3583.9,3
-122.37000130083553,47.56878273230287,-122.35048582962581,47.595721585393655,714.3,4919.7,13
-122.33893638816785,47.62457534116593,-122.4133055503911,47.69954894450586,1259.8,14741.4,5
-122.42142874910184,47.59149866678277,-122.38088845591417,47.50768122411402,1067.7,9225.3,8
-122.28329545230211,47.60435178933848,-122.42736269467304,47.68091052092367,1888.0,17553.4,16
-122.31777669358819,47.65449889578724,-122.27047726745214,47.561388652190736,1264.0,15257.4,9
-122.36619629424071,47.56815020992017,-122.24126214670397,47.60133049647778,827.9,12668.9,4
-122.32800219998258,47.555747596518096,-122.34265885899673,47.680372563976725,1171.5,16946.2,6
-122.25829964318379,47.69169120650641,-122.27605159977655,47.72168336628889,696.3,5132.9,6
-122.3903449066302,47.495051194028505,-122.4204644078352,47.61953811353966,2131.6,23717.5,14
-122.41027461339887,47.526899126681855,-122.32623284454047,47.50380497568417,749.3,7348.3,6
-122.32283820777418,47.6819910127389,-122.26231922946401,47.627805209302515,900.8,9785.1,9
-122.27626939840503,47.65091187487793,-122.38716801632353,47.59943315642286,1631.8,20745.9,6
-122.36105033062668,47.68578080743582,-122.25096206693208,47.636474352701335,911.5,13952.7,4
-122.30510634668359,47.66814817200363,-122.4142441240983,47.68145337690079,1267.7,9866.3,5
-122.40095353033075,47.68022881947651,-122.39173650938878,47.520289464208375,2153.9,24202.9,8
-122.24523006001716,47.72354022852242,-122.30666814181535,47.655781792569044,1781.0,21746.4,8
-122.31316854341063,47.50064059006115,-122.24655361999055,47.67031131020741,1866.1,25856.0,4
-122.33694303384247,47.65497596761341,-122.40067019079233,47.51169418070614,1779.0,20428.4,10
-122.24519923552607,47.729516859265395,-122.29896240283334,47.506520457112664,2476.5,40383.6,7
-122.27807205180059,47.69410970423992,-122.4117799425002,47.65858654402595,1670.7,15275.3,13
-122.41680782607119,47.66634742643612,-122.31218351395667,47.60989281342526,1591.0,12938.7,8
-122.25004222148289,47.50458416461966,-122.33691152613422,47.662795864090356,1467.0,23224.3,5
-122.26467518794348,47.63220452906818,-122.33674709435597,47.56389161225963,1148.3,10795.4,11
-122.25481713514289,47.57138046393098,-122.25191689141954,47.60730458486551,1188.8,12731.2,8
-122.33191705155936,47.71355218844535,-122.39903624300288,47.52171505521303,1858.1,26842.3,4
-122.24420696140825,47.57666220558558,-122.31229889398898,47.58468215589723,648.1,8208.8,5
-122.25930428492532,47.59216051308764,-122.37744007871171,47.54963751388663,918.5,13796.1,2
-122.4097335894757,47.5716268787234,-122.33165813747853,47.56314316863176,864.9,8497.0,11
-122.32051149231279,47.59624591612599,-122.36339690030714,47.68374558298032,1323.6,16419.8,10
-122.34422533672672,47.50942867957244,-122.43252270841114,47.568625145575766,1306.5,11509.6,8
-122.34571884199524,47.65300311733125,-122.36902137241641,47.68127659258585,494.6,4978.3,5
-122.39923306989404,47.591776437860716,-122.2919762112016,47.5206158507286,1233.4,14436.5,5
-122.40759225398025,47.60215459529601,-122.27324633972066,47.65672765677875,1632.6,21052.5,6
-122.41524941815341,47.50781867903677,-122.42890116748688,47.571969958230284,1038.3,8273.2,5
-122.38303180331813,47.51513735131878,-122.36063519905392,47.52050907176996,317.1,2357.5,3
-122.42022567577669,47.60962842525551,-122.24975333956904,47.4955286800446,1371.5,19550.4,7
-122.33839351162207,47.69077945418838,-122.38871419929559,47.585574565387574,1330.9,20665.3,4
-122.30461636715168,47.64288808038695,-122.35939347139397,47.574339582360395,955.4,13442.3,10
-122.31460748420002,47.61346576649916,-122.29834935211991,47.65653173022905,641.4,7318.4,7
-122.4141481239782,47.50106031503634,-122.31102186976477,47.5743094705405,1302.8,12623.4,4
-122.37324728263455,47.69053133807149,-122.24999258759003,47.71200591499912,2075.8,21870.1,7
-122.41074788088113,47.54680637981022,-122.3851203564748,47.52897459262725,335.7,2736.5,2
-122.26881206203119,47.61945451963038,-122.25767996301104,47.60800712237724,957.2,10639.7,9
-122.24287139719033,47.56532347214652,-122.43288685815018,47.510533517001186,3037.0,27529.9,6
-122.36555787804991,47.50052995240048,-122.37749906354271,47.567130927007156,945.4,8310.3,3
-122.38279081593033,47.65386701813811,-122.37241512040002,47.63747477313717,245.7,2328.1,2
-122.34972559833254,47.58962553885017,-122.30127969191993,47.6331890721329,1218.6,15881.2,4
-122.2933547218129,47.619973647471696,-122.41337133052308,47.65145880414378,1432.8,11767.0,10
-122.36513316743564,47.67901012872778,-122.26235980461976,47.635223376749636,961.1,11707.3,3
-122.2797135783704,47.57170295090052,-122.32447352675021,47.5841968580376,609.9,4685.8,10
-122.27707748762079,47.67502320925663,-122.26623060141469,47.570208597406584,1622.1,18262.9,5
-122.27342082059583,47.59345192627694,-122.4330826285098,47.72003719817291,1563.2,21337.1,5
-122.24698425552067,47.61709616083147,-122.23811954919594,47.71200630300856,1445.7,16419.6,4
-122.40730327064027,47.50651746402432,-122.26131578510028,47.65183650155825,2182.9,25665.4,7
-122.32143148978666,47.65584096147114,-122.4132438002928,47.54787619776034,1359.1,19021.8,8
-122.25059275781965,47.649069225823226,-122.40828860432003,47.67626550279139,1767.5,19938.3,5
-122.25455505283267,47.541096238902135,-122.31198850797736,47.63531210666753,1236.0,16008.0,7
-122.2718941361359,47.665710628178346,-122.2374422737048,47.49579423954584,1769.2,28157.4,6
-122.26331914694497,47.61243243163526,-122.3693628966169,47.593909641073076,1466.3,14406.2,9
-122.27590751925861,47.63431557420132,-122.27631196431686,47.660654939666216,911.5,7827.7,11
-122.26067463822838,47.51087864044214,-122.29901392818952,47.58701212478125,1036.3,15656.2,7
-122.33174270250603,47.603483447073835,-122.29878043973237,47.61142962648195,401.6,3071.4,3
-122.3959683444435,47.510273914918024,-122.23915043262613,47.593182958401236,1747.0,20809.3,5
-122.25153766142503,47.60759549828092,-122.3597215005909,47.64081951658404,1246.0,16830.6,8
-122.30104143293751,47.543643009443564,-122.28099993160967,47.6391783280371,1158.2,14183.1,5
-122.26672896950147,47.64913063695207,-122.43178795826275,47.536789545410855,1797.4,22497.6,8
-122.37203061643422,47.563368388817196,-122.3762453617393,47.633411458899424,1099.4,13298.7,6
-122.29740281987456,47.711441173303115,-122.25765142463284,47.69452804215903,750.8,5740.8,7
-122.32563241920145,47.62853340800262,-122.40496649700442,47.690906524774704,1433.9,14902.9,8
-122.28923257002928,47.61791114012005,-122.37057609397125,47.65210890379557,1143.6,9885.4,15
-122.25413465229072,47.58816897596651,-122.2893747109062,47.643012946796695,811.2,14329.7,3
-122.31878160848869,47.686185061650114,-122.29553288643767,47.683562207150274,263.5,2100.8,3
-122.29706019511241,47.61092761097726,-122.27233300409779,47.50135615689478,1171.2,16701.5,4
-122.25060232384662,47.7241521667295,-122.26504417809191,47.68123420829866,1612.2,16181.3,5
-122.3532274389857,47.62723351153858,-122.30976779653358,47.716219593003494,1008.2,14847.2,6
-122.42771349265095,47.6394359943634,-122.27159404472502,47.721622425292566,1954.0,20625.2,11
-122.33884079231663,47.66389809938362,-122.38689433504892,47.55466046578048,1172.1,16027.2,5
-122.34467154093394,47.52233932960434,-122.31797504756778,47.60643532915946,1063.5,13349.5,7
-122.311763747768,47.70853485899065,-122.36812970984538,47.67017358982489,916.9,8453.3,8
-122.40878995013138,47.64447718767379,-122.39160717083723,47.69133366115791,980.1,8773.8,10
-122.43496088109232,47.61109876396636,-122.29614905884624,47.63287770018709,1462.8,13753.7,10
-122.39359338911915,47.55101142588141,-122.26599151931376,47.65781759462207,1586.9,21090.9,6
-122.31206541010077,47.66419440838432,-122.40965821031527,47.640846191520005,1235.4,12601.2,9
-122.41176427112052,47.602766526943654,-122.35536143851662,47.68414004830085,1591.5,19582.0,5
-122.42082804450823,47.686698897541326,-122.34508667277667,47.61144577864707,1280.3,10857.3,5
-122.26829419677865,47.55188697282986,-122.25329280622282,47.62862441796646,1594.2,24629.6,7
-122.30101105286894,47.614809930022524,-122.32211796087276,47.51522744230814,1238.3,14450.0,8
-122.39249773025313,47.623918452270075,-122.3702342481512,47.66912608137738,668.0,5888.3,5
-122.39909839686567,47.72625403923656,-122.4097888583915,47.56094209137921,2050.2,28403.4,9
-122.27004556548833,47.67464345598996,-122.30897981978529,47.66506037892689,510.3,4018.7,4
-122.31947250243753,47.65029997281809,-122.36672083648199,47.66888125844841,712.3,5909.2,9
-122.27764247695511,47.69122144856416,-122.38711313833929,47.50840644143778,2155.3,29313.5,14
-122.29700670749877,47.65839141112545,-122.42711414407283,47.61860818763353,1581.2,14553.2,10
-122.24678083708021,47.58412267615401,-122.38994355377262,47.62083334239244,1465.9,15960.5,8
-122.37336647490854,47.61137508161446,-122.4057580918121,47.51371592441377,1662.6,16223.2,5
-122.3893603228036,47.52664232616442,-122.28392104855888,47.71725813369853,2079.1,28110.3,3
-122.40062518176437,47.68780314709742,-122.38856356164344,47.50959202701448,2338.3,27750.3,11
-122.30444179081117,47.68011381464329,-122.29072389706594,47.500206566749014,1393.6,24194.6,8
-122.26938120456617,47.52722101992125,-122.4151019356078,47.4986231231219,1586.1,15249.9,18
-122.26906200572965,47.65066056296818,-122.26313030304416,47.58845124139632,1159.6,16121.3,6
-122.40738877303647,47.51978861965296,-122.40868331464242,47.72312848808647,2618.2,32501.7,5
-122.3613731548,47.6403438967569,-122.36632440611615,47.57733823997835,1117.3,12353.2,16
-122.37894672163137,47.57357368405586,-122.4042733783187,47.70395342208747,1902.3,24906.8,13
-122.4300479653328,47.564359298205524,-122.27378861377863,47.606778587256215,1557.8,15411.9,9
-122.37417660875684,47.672440244545875,-122.25874934966242,47.651979297679894,1121.5,9077.0,6
-122.30646053302473,47.58218001109935,-122.25161442847761,47.66951914941902,1387.0,15623.0,7
-122.28366513771067,47.55283716686311,-122.4066009287379,47.71328098568311,1928.8,25851.9,9
-122.30912638639754,47.66525292570615,-122.34270505693173,47.60504844666628,677.5,8995.7,6
-122.28089937233983,47.58802247351513,-122.31581570795312,47.516432960135575,1257.9,18575.9,10
-122.30422762816784,47.51617892023347,-122.28382750342381,47.72457056813076,2017.2,30082.0,5
-122.4135695770373,47.65735768019823,-122.23914708263919,47.650216068007715,1893.8,21511.7,11
-122.24261352145356,47.540645833720596,-122.37806028859417,47.704405385774784,2177.4,29497.4,5
-122.41445043755398,47.56003386866286,-122.26435165620896,47.50466538281909,1310.2,17804.5,7
-122.33295251015089,47.674169754259864,-122.37497412597024,47.697458619897596,792.8,6553.4,8
-122.34123935497841,47.66674393134992,-122.29377839421954,47.629396044825526,797.7,8099.0,10
-122.27745534391393,47.65902788826258,-122.27518171223926,47.505071235880486,1385.0,22251.2,3
-122.35305381308974,47.54250636713404,-122.37391192523599,47.63648253114874,1555.0,16427.5,8
-122.41836964585185,47.591999750083026,-122.30283822956041,47.519140381562764,1490.4,15453.3,6
-122.35587407138553,47.63435823092564,-122.2718483924579,47.565332939122655,1286.5,12690.9,7
-122.29544585338253,47.59599634273418,-122.25568623619671,47.609479252011376,1290.1,18358.1,10
-122.29223965485372,47.5212916738397,-122.27980105339336,47.66035370516444,1476.2,24141.3,4
-122.25955122250512,47.665052371297804,-122.43409806329336,47.590498675753516,1921.1,23490.0,5
-122.32299872414221,47.61774802870335,-122.29018656662367,47.662579730520505,621.8,7588.1,8
-122.27897607753525,47.66669076921923,-122.31437865631865,47.54603401412814,1133.1,17193.4,5
-122.39670526960309,47.49589851286139,-122.26058193130604,47.51122101846092,1358.6,13640.8,10
-122.42093281841588,47.531410116999346,-122.3078024050914,47.67567720307497,1513.6,21613.6,7
-122.25377198325637,47.590909194964595,-122.37632890869207,47.50903990687844,1434.0,19904.7,14
-122.2983747790843,47.53136865743639,-122.40757612515345,47.57745067825568,1243.0,13702.9,7
-122.26405645824171,47.55883444292051,-122.41813481558626,47.527743020047794,1653.5,16229.8,6
-122.35471312157186,47.58069810212629,-122.35920075456585,47.66882820709083,1156.5,14544.6,4
-122.24463700497299,47.716591773988696,-122.29235244429434,47.64873065353679,1563.0,24706.2,8
-122.40149390752066,47.59966368978179,-122.36708060692166,47.50113972009259,1405.1,12422.0,5
-122.28306512337697,47.500091913972774,-122.31945172634562,47.6950131613439,1474.6,25280.1,8
-122.24911820884516,47.72291318377956,-122.37108426174136,47.579108879391526,2482.5,35638.1,9
-122.2728912114419,47.64845870222805,-122.39432777098347,47.574913909674635,1683.3,21008.6,9
-122.34473870127424,47.62552876365591,-122.32329078502497,47.601191934941546,463.4,6388.8,2
-122.34312411930017,47.700354849594646,-122.25301269426517,47.5684276855912,1386.2,20857.6,9
-122.3975525532265,47.577312667470366,-122.24067360779138,47.71799482153045,2732.7,38222.1,8
-122.36243351359418,47.61811681805584,-122.3233758694043,47.680043637608115,804.6,9519.1,5
-122.29541594769579,47.63825278355684,-122.32473150159441,47.689419883169236,653.8,7964.8,6
-122.34621457165653,47.58087693458216,-122.34629093255576,47.6703723739414,1672.1,17328.6,9
-122.34179770158981,47.65615208178071,-122.28653068773458,47.58187556215587,1107.4,13863.5,7
-122.41227686518768,47.62215745811348,-122.27853731505894,47.52591199049319,1749.6,20051.5,7
-122.32127532856498,47.71297913811169,-122.27140187574663,47.56185624331064,1568.5,20956.4,7
-122.28101329563727,47.56178025758072,-122.33390659903625,47.67323881317788,1213.8,16993.0,6
-122.24334322292005,47.505987972222705,-122.25615805567611,47.606715139755266,1395.7,23116.2,6
-122.24912896605117,47.54990990582841,-122.31412822056396,47.69608362709017,1601.7,22365.2,8
-122.25314834951863,47.70678171492217,-122.28187301055648,47.64199568701746,2180.7,29244.5,10
-122.30830717213031,47.52805404719039,-122.28808639928961,47.63807514485884,1158.7,17343.1,7
-122.41377833023657,47.585185427323204,-122.41594121526406,47.596490720102445,154.5,1277.6,0
-122.33295208498079,47.67319728109182,-122.3941728203693,47.68291546823106,791.7,6337.9,9
-122.2488814071335,47.589202587059745,-122.37351688404901,47.66024459199584,1271.0,17158.6,11
-122.29199402537401,47.53928225451141,-122.34784485266745,47.58258861442066,1063.7,9937.7,10
-122.2925866651646,47.58681847623112,-122.2585566710915,47.720419717510886,2243.1,34674.6,5
-122.42195713179049,47.71767352577251,-122.27916416481995,47.53901558243017,1997.4,26362.8,7
-122.37551933920649,47.65511879526483,-122.38349306103316,47.61712258701475,688.3,4710.8,10
-122.37923459665264,47.67650645473476,-122.26387007903077,47.54148105287905,1823.0,22829.0,10
-122.43119596675879,47.579981356212215,-122.3053512888912,47.58681789750447,1165.4,12860.2,4
-122.36592518432042,47.68510086039448,-122.35549818852408,47.6835342198008,156.3,1080.4,3
-122.33628058184158,47.563406020196986,-122.29668446317824,47.513308446528335,659.8,7183.5,4
-122.36235031750715,47.64557682703238,-122.27993219887286,47.57951945307546,1244.9,13708.3,12
-122.30242544940492,47.71160072915656,-122.33520866373546,47.55049459714573,1344.1,20986.1,9
-122.39153401616754,47.562410316067705,-122.36837428508204,47.7168525168362,1822.0,26373.3,9
-122.2649715912702,47.56744995519604,-122.3750751479988,47.54198000883882,1313.6,12950.9,7
-122.27621523841546,47.71377788201333,-122.37524176263915,47.54142932684018,1922.6,26065.0,7
-122.42050962657525,47.670715565118435,-122.30274141811609,47.725963085736254,1885.4,19190.3,13
-122.2917552444042,47.596086952242636,-122.25330039125767,47.53643138252958,964.3,7883.5,4
-122.28510437674639,47.627638078376975,-122.29684579021354,47.66719810887012,726.8,6099.3,8
-122.32337143390627,47.56427159547038,-122.34332961485966,47.66889943513979,1063.6,14595.4,8
-122.37312682055453,47.6302499843352,-122.24324107016905,47.72469794275696,2030.9,27109.7,5
-122.28619358508514,47.60409889802656,-122.40197410803468,47.60854765423846,1317.9,13333.7,8
-122.26327554833335,47.69339878975057,-122.30185586927124,47.63491520487305,883.7,8349.8,1
-122.38427986178161,47.65381227208043,-122.39282624826406,47.52438196572977,1815.8,19950.2,10
-122.40622157513765,47.57647880471381,-122.306716809253,47.6284449839991,1331.5,15507.0,7
-122.24384984395047,47.560082987689064,-122.28802516374948,47.72108596466024,1817.1,25414.7,6
-122.39988689447453,47.64884664774571,-122.33384635622998,47.63497513916107,1071.3,8721.9,6
-122.23972026078958,47.638749057827404,-122.30120297231069,47.68498103068653,1030.6,12623.5,5
-122.28367431876548,47.50579697651366,-122.27154401509647,47.515756451078296,945.0,7695.9,6
-122.28881960911433,47.50777794946768,-122.3175486786423,47.57819503210309,760.7,11439.9,5
-122.38462433660105,47.5733183684172,-122.31172628184079,47.50999087752339,1116.3,11609.5,13
-122.3737896631385,47.56453408877859,-122.42964597201131,47.49910981348274,2082.9,12692.1,5
-122.26425835885267,47.53769817700496,-122.34372066994773,47.656738619052305,1397.3,18254.0,5
-122.24063897965031,47.52018476155881,-122.29358932676323,47.64697776009751,1818.5,31908.4,4
-122.34698616638543,47.51029305396884,-122.31870159803542,47.609897926608774,1144.1,14016.0,7
-122.3683538906031,47.541338480927465,-122.35536362595367,47.64844984006761,1382.9,16344.9,12
-122.39057978868081,47.61998348144409,-122.31925447956516,47.53736589428053,1453.9,15289.7,7
-122.32679280354115,47.70560825232649,-122.3918118679676,47.565711579092586,1431.4,22672.4,5
-122.28879641232575,47.5463470296062,-122.24693918700181,47.67321710928073,1538.9,20662.1,4
-122.27638555825472,47.67428331373797,-122.25714647921225,47.6524746435677,348.1,2571.9,4
-122.25823344604277,47.673128328643,-122.35353756646104,47.66146275443756,949.0,7983.2,3
-122.36066472993029,47.503444986683085,-122.26549015683536,47.58737647911065,1188.9,17469.1,6
-122.25720366465015,47.649246458157506,-122.23747509911684,47.649483666477835,823.4,12571.0,4
-122.41836936691496,47.6071558606568,-122.32794494412178,47.58249718803002,805.2,7841.7,6
-122.31096095507442,47.679089062592304,-122.35799899191622,47.58028519825509,1133.9,16646.9,8
-122.30815169415962,47.659611189119275,-122.29785907201456,47.593842938193994,885.0,11759.3,6
-122.25039923034004,47.62947070604757,-122.25703543311876,47.53224698436328,1730.9,25647.6,7
-122.25345536214478,47.650444526559944,-122.41950707678933,47.51121238067906,1832.8,24791.8,5
-122.32216407973164,47.72034044186017,-122.34740213177186,47.59992099697023,991.7,15547.4,8
-122.41250565914447,47.61953878902539,-122.43225839052238,47.66275417519314,752.4,6115.1,2
-122.37183657101444,47.5802823739849,-122.27903858527984,47.578206419080644,980.0,9644.8,8
-122.28666288737352,47.58727597835516,-122.2786570754459,47.65190442840418,1339.1,11543.3,16
-122.33060620799661,47.58001016142101,-122.29679424682652,47.64559254633079,1147.6,20484.3,4
-122.34520370963962,47.52723932166726,-122.24968229589875,47.595626443779956,1233.4,17321.0,5
-122.3857015559828,47.607327990896124,-122.32138309854184,47.57000324247863,710.7,6947.3,5
-122.28946335838067,47.561024524213884,-122.31642023505084,47.7266173474087,1433.5,22125.9,9
-122.39028054902666,47.516179681777515,-122.28615212301189,47.513194128816984,1188.0,13560.3,3
-122.30580927143643,47.58380685821031,-122.26096605426176,47.538748656352574,829.4,6620.1,3
-122.407707181008,47.63689331735915,-122.27747883712782,47.573795709920795,1831.6,17270.8,12
-122.34606552162168,47.54927991522138,-122.32275330544459,47.50270040976691,444.9,5937.1,3
-122.31990669971823,47.66920569704586,-122.3065491190121,47.59525029216526,755.0,10122.6,5
-122.31505215583284,47.59599902537629,-122.2499828271364,47.648891515221074,1057.4,16260.9,7
-122.37855513030574,47.598880474289714,-122.35801850194544,47.60639254235824,1059.0,10840.6,4
-122.32245731762413,47.6750437288974,-122.34109925154986,47.619043804601354,595.3,7991.7,8
-122.30460697829221,47.690090527275956,-122.33059237926302,47.57788258238375,920.0,14898.0,6
-122.34120721716181,47.61115554611016,-122.35373735213471,47.70165268553531,1005.0,13527.1,6
-122.41351896859364,47.560799031103286,-122.29359192137775,47.50883718844631,1298.7,17450.4,9
-122.43003919874357,47.536708047245824,-122.35288311201974,47.711042683922216,1871.2,26948.6,8
-122.2753297152667,47.659228707541956,-122.4016756949085,47.606201012945796,1561.6,20473.2,3
-122.24958692351088,47.65430249495578,-122.31483651464845,47.56447825088418,1232.0,19547.6,3
-122.3167922615904,47.58644246588974,-122.28392103669759,47.56702899533965,502.5,3972.4,6
-122.27300222669106,47.61332725280209,-122.40133031217049,47.699907933313064,1679.7,17730.1,11
-122.24529105226853,47.64955587025492,-122.32882124723571,47.70908178295503,1077.9,17715.8,3
-122.36987665573821,47.58212956022354,-122.36147248282703,47.62964852073976,1370.9,12686.2,11
-122.24496496087309,47.54906638001153,-122.39817124821715,47.61480821835215,1918.8,19873.1,12
-122.30749462835423,47.55940711742735,-122.30135474800656,47.6720603263424,1108.1,16020.3,7
-122.34048266520286,47.6875178351613,-122.25942684267423,47.64016854469203,666.2,11508.4,0
-122.30452292437599,47.60038261813505,-122.31473786030931,47.556533610748005,745.0,6101.0,4
-122.2715293479757,47.64660356487235,-122.31141432449498,47.56034001320618,807.6,13810.3,1
-122.4122781927061,47.52597127577026,-122.25747500398572,47.627387629764634,1918.0,27865.7,3
-122.27090233026185,47.538292148391214,-122.24746621262321,47.687945244108974,2020.8,23996.7,7
-122.38464929884933,47.71754859660309,-122.36441612194369,47.726288467148194,461.2,3368.0,3
-122.37762030238599,47.718863466030705,-122.42706811694224,47.68495123153499,1192.8,9822.9,8
-122.39089837168052,47.65725995729019,-122.27950921591882,47.6516804118028,1325.4,10836.0,14
-122.23949544424413,47.646555157021574,-122.38424990691821,47.70574821348559,1689.1,21438.3,9
-122.3191374623467,47.72019819726486,-122.4010528458328,47.54567791316627,1638.4,25958.6,5
-122.29067583363563,47.70387130335764,-122.43080225278453,47.533145761207095,1786.1,24839.8,6
-122.28212815697857,47.60687063375796,-122.35167059030206,47.684030158399416,1310.2,16165.3,8
-122.42908119693779,47.606537696336325,-122.31297668995683,47.62540552095196,1279.8,15143.0,5
-122.24762460546171,47.713686317542006,-122.30867601331046,47.72112886655846,1478.1,14629.8,6
-122.39270865781256,47.5860767292943,-122.25753987670709,47.7199205490355,2716.3,37983.2,8
-122.26441144844344,47.49950632712764,-122.40218893881612,47.70775625827452,2088.7,30640.9,9
-122.3024987448643,47.5861676864328,-122.30105718720833,47.51253319544715,959.2,12835.9,7
-122.36328732357362,47.707062325967684,-122.35916543460617,47.608817301134955,1213.3,12856.5,6
-122.27690229648523,47.531635934430604,-122.35310855906253,47.65023346759032,1384.3,17843.7,9
-122.29393216060716,47.68337635816019,-122.37789514929271,47.553534493898184,1380.2,20802.3,5
-122.30617258564543,47.68047813449036,-122.4327501067566,47.666656590963804,1608.9,13984.7,13
-122.32472414606116,47.71292194947845,-122.23853373502962,47.629922207280984,1064.2,17732.1,5
-122.35751741738217,47.56374418012632,-122.25431570328354,47.60288237212414,932.4,13243.8,6
-122.41431329009745,47.53295890867456,-122.38071370200123,47.694221778175944,1995.0,26719.3,6
-122.2787008757561,47.587846260524216,-122.3810470335064,47.4960995481681,1736.7,23314.3,19
-122.33979635065536,47.51675179235238,-122.27861353779794,47.51084849425983,715.2,10291.7,5
-122.41146710995395,47.59189988627572,-122.36169337920494,47.571229014734605,946.7,9183.6,7
-122.31317386001786,47.580874986569846,-122.34550170193315,47.58192372119165,904.8,7120.2,12
-122.25073436561638,47.524204292039315,-122.31907173587197,47.49663179620882,871.7,8401.8,15
-122.23697128928417,47.510758856551625,-122.3021143520342,47.72429460062787,2105.4,33192.4,8
-122.41776257075134,47.53338565545472,-122.25259599351763,47.63006741528991,1775.0,26390.6,8
-122.24187542697611,47.67478987570017,-122.26364952739658,47.641602867525464,1226.3,15704.6,1
-122.25784579398984,47.60012334770245,-122.40545100209789,47.50732548977037,1754.2,20614.2,8
-122.34021976468685,47.65430910469671,-122.36024847741871,47.694692979325076,631.4,6102.1,8
-122.24264810578089,47.59466287551127,-122.31561539132512,47.594084723783965,554.8,6940.5,8
-122.40221246359481,47.686507990470474,-122.33706902801418,47.638624737541875,1028.2,8809.2,6
-122.33430022799541,47.68989822335435,-122.37453699406336,47.555281005823126,1330.2,20642.1,4
-122.37438588358857,47.69043691884107,-122.35113177932631,47.50566520077809,1843.5,26495.5,12
-122.37112364475995,47.516620790521124,-122.25931140178207,47.5327135398127,1300.8,15401.3,8
-122.26628333564464,47.62539315693663,-122.29322075770648,47.62745543246504,198.4,1536.1,3
-122.23643724959807,47.66109675500626,-122.37380135404909,47.65834825806097,1445.9,14863.8,8
-122.2823373208088,47.717025923335385,-122.39973494203146,47.62511680344854,1618.2,17735.6,5
-122.3839855413555,47.57073430087684,-122.23615240688703,47.61667870245493,1512.8,24554.3,7
-122.29667158448433,47.60568791720592,-122.42358330203655,47.57953975567,1404.4,13904.6,6
-122.31538584075322,47.632397843871175,-122.30538171639711,47.655904990868514,691.3,5451.6,10
-122.37914214296066,47.50630245595535,-122.33634515296177,47.72782847250391,2010.1,30738.9,13
-122.38592267145889,47.699304558847636,-122.25701875476923,47.555988232309865,1974.0,23577.6,4
-122.3297322194894,47.60367147010711,-122.29909477641463,47.71938865293652,948.9,15863.0,5
-122.35104443082287,47.70161830098661,-122.37565006107425,47.548700400491015,1572.4,24127.5,5
-122.38420848526448,47.704293252531535,-122.32630584353241,47.56049080648728,1633.0,22047.5,13
-122.25655832319856,47.60672860144493,-122.33046655361606,47.664158647277105,989.4,15227.8,4
-122.3624995034865,47.560061290433374,-122.32943708050692,47.58346579880076,518.1,5106.9,5
-122.42946670365905,47.61004821322858,-122.28168480552849,47.567636202806455,1517.9,14972.8,7
-122.42350904016253,47.63391970357648,-122.4313132615665,47.65002577732555,233.1,1575.8,1
-122.3764084735339,47.5290048415646,-122.35902353095358,47.50344052123762,450.0,4088.4,4
-122.28260488728237,47.65450571301261,-122.28460704831554,47.722033254924256,1069.1,9188.2,5
-122.39754958722447,47.680016255272974,-122.36295812816535,47.68516106097471,434.9,3631.5,3
-122.24753776961647,47.54837032949283,-122.43091099370764,47.68285724230513,2313.2,25061.6,15
-122.3985308898954,47.627022238261205,-122.27778557249033,47.55474961343948,1633.2,16907.9,8
-122.37869073990423,47.526687706098635,-122.26211355953002,47.663907444398106,1903.2,23934.1,7
-122.42609835145494,47.57075637163201,-122.42282404144267,47.518204339707296,1004.8,8287.8,6
-122.24812974405592,47.70268403462954,-122.28596713569894,47.6333894702181,1925.0,27322.0,6
-122.3960498422634,47.63980196474922,-122.33911202487656,47.59721512668873,993.6,7759.4,13
-122.30236057317329,47.67861657121348,-122.23636564264604,47.532768722341494,1749.2,25486.7,9
-122.3659354572279,47.66347184056485,-122.41487749446223,47.585108692379066,1513.6,18157.5,8
-122.32691322061761,47.67241883903956,-122.25276460967766,47.60006273146533,972.6,15767.9,4
-122.28415735971657,47.72891285333764,-122.34859800599853,47.58030638711415,2079.4,27874.2,10
-122.3135181643417,47.595516547379624,-122.24507536593222,47.728304726758076,1855.3,27538.1,6
-122.38281325268346,47.52656070846304,-122.26789761341468,47.72184207655416,2957.8,40744.5,9
-122.27884798560214,47.53083967108853,-122.38247042130521,47.53019276653843,1345.9,14986.3,9
-122.40761154316375,47.60634768689758,-122.24757156200435,47.55679911630297,1437.5,14842.3,11
-122.30884614854494,47.689560572821314,-122.41269042902572,47.72104716750812,967.0,8080.5,8
-122.31241416876773,47.515516585133966,-122.35192070099133,47.69531499477246,1587.1,24448.1,8
-122.37432412905613,47.56314281095255,-122.25151442019902,47.52516849671188,1258.4,13689.6,8
-122.30570424585004,47.69356246113787,-122.35714649683992,47.498247971848926,1610.5,25972.3,7
-122.40016137876378,47.514670575606594,-122.28551327356044,47.63160086625394,1932.1,20905.3,6
-122.35663119628792,47.50581914893224,-122.37584526284367,47.503660025136654,234.9,2174.5,3
-122.31776650084782,47.70785854804849,-122.34387061787955,47.69046446866649,447.4,4419.7,3
-122.26577573977488,47.69416315668851,-122.35163700929141,47.695592035994,956.3,8242.5,6
-122.37062858003497,47.545891257055096,-122.24618624211854,47.64940006422185,1691.5,25410.0,6
-122.42904846602985,47.52652953438266,-122.26185896951785,47.63205360416945,1562.5,23200.9,0
-122.42217761878887,47.50498687729752,-122.42831670470403,47.72126395170779,2652.8,31792.7,7
-122.39220383056926,47.69813024804764,-122.37835198025519,47.52757366347464,2171.2,25308.8,8
-122.37573223962991,47.58954960218906,-122.24889739866862,47.697747194373214,2518.6,35313.3,8
-122.31825366024307,47.514588039295376,-122.36674001629913,47.556327160903045,956.7,9324.2,7
-122.32737874808963,47.663991472604124,-122.38683033469704,47.555257262238584,1126.0,17422.4,5
-122.32717554401253,47.7069463023145,-122.42697438171768,47.55012588202943,1597.0,24412.8,7
-122.26178219151579,47.55018923239437,-122.28663116851853,47.530320597288345,571.4,4463.2,7
-122.27679415425511,47.67831259852751,-122.37243031125328,47.55836514851197,1655.3,21983.4,6
-122.27227206437578,47.637046479585145,-122.37473785750794,47.611250420769814,945.8,7514.7,6
-122.30592757471888,47.71230382437713,-122.30858079457033,47.5408653994778,1389.7,21159.9,11
-122.40196577831863,47.59566336421693,-122.41129253204589,47.49979626106513,1264.5,10258.4,7
-122.39889060108152,47.674406672186905,-122.23615100383562,47.636053243029586,1486.4,17573.1,6
-122.41298417446728,47.68413145375331,-122.42133141977726,47.5448230426436,1980.4,22465.5,9
-122.3346752505938,47.60014497264552,-122.38701451002063,47.51589531698362,1161.8,13360.0,5
-122.33217214914987,47.72403148512361,-122.32578211160637,47.50115932554302,1491.2,26976.9,6
-122.37701106365725,47.66081398549999,-122.33306238827379,47.50563616211289,1473.1,21010.7,6
-122.32044296378766,47.52845664095204,-122.37595325042108,47.49575164849535,799.7,7273.5,9
-122.37755733757747,47.59298477908098,-122.23527612705243,47.59272574834494,1252.4,16794.8,8
-122.25507788302248,47.61929366169985,-122.25245681731194,47.53642215130061,1635.8,16596.5,11
-122.28500871984312,47.59658787191643,-122.30815037303412,47.51729527145779,1272.4,12818.8,10
-122.28651950379903,47.54465120296531,-122.37478430534854,47.61138713770963,1130.6,13059.8,8
-122.28357640048456,47.68496530130662,-122.28316912256652,47.49916965732542,1572.1,25733.5,9
-122.32788524363879,47.621103162373025,-122.24793516170311,47.5734103038972,767.7,10988.4,6
-122.39956643695407,47.66553635386906,-122.428952524643,47.4979691165328,3417.7,29429.3,7
-122.25953203192697,47.53346387388209,-122.39381167598494,47.64413143646842,1808.6,20473.6,7
-122.42063058932466,47.545449161991854,-122.3561387775656,47.520987827561854,671.9,5633.7,1
-122.42449894626994,47.729218065503154,-122.28671129111805,47.614070627717844,1717.3,21516.2,13
-122.29838074766256,47.537126000410005,-122.26027471028799,47.587144620760874,571.0,11669.7,0
-122.4115033870028,47.640630865455485,-122.28997167264896,47.518819781056855,1484.7,20113.9,6
-122.25168805390801,47.55125264778528,-122.43160396908652,47.5787127379531,1634.3,16367.5,8
-122.42514910647147,47.5858229131174,-122.33018519885346,47.51090425348893,1456.7,12919.2,9
-122.36216225336463,47.702521173663605,-122.4339245065837,47.605088489308066,1937.1,26704.6,10
-122.23693280942638,47.59822813661871,-122.30429882809372,47.54145563799012,703.5,12913.7,2
-122.41591785400297,47.599030933518684,-122.23649468581188,47.61091964653043,1813.1,26731.7,7
-122.36735550402733,47.561136641820845,-122.37883090730011,47.585266753611876,468.2,3809.3,3
-122.32527583248293,47.62276787336361,-122.27282581491889,47.54154646581557,973.3,12768.3,9
-122.28227799141126,47.51253897997139,-122.42010423531566,47.646890694240504,1914.5,24264.4,8
-122.37178731668118,47.7253947542073,-122.32770499770572,47.557146898345145,1679.7,25244.6,8
-122.31411146451002,47.60375013331474,-122.34265736295747,47.625810312478606,470.4,4925.8,4
-122.38555133552391,47.67401781513531,-122.33284673759266,47.70809421430519,759.6,6923.1,4
-122.34348197726192,47.587350100237856,-122.33414952042179,47.709844806380225,1467.7,19902.6,5
-122.30942058285879,47.56831985790882,-122.34859882291427,47.52529069410677,954.7,8338.2,11
-122.24467432156355,47.651130698473246,-122.4304189724262,47.7172709642209,1745.3,22085.5,7
-122.2785621535927,47.596986154303984,-122.36622531364037,47.59120616585631,1440.8,10997.4,16
-122.43229144046987,47.578994954095535,-122.24305870242947,47.548076031022475,1909.5,24324.7,8
-122.41759280429466,47.691456395996134,-122.30722334447356,47.61282318804852,1647.3,15004.2,8
-122.26598499079319,47.72614059407572,-122.26369600233173,47.67751390598015,1809.1,17867.8,4
-122.25694704894214,47.726537394159294,-122.38726830928091,47.72770782891036,1758.5,17900.3,8
-122.348460718322,47.550023181435805,-122.25964978080889,47.61832942814061,1566.7,24061.9,3
-122.39746215669693,47.690878247323894,-122.41240627638595,47.53685920782119,2014.3,24010.3,9
-122.41829698659494,47.707430437493464,-122.34015676731245,47.677613729903925,879.3,7516.9,7
-122.41364322686182,47.57991473302347,-122.42705668676041,47.635241388893995,2085.6,20927.6,12
-122.40203335732684,47.59823651570624,-122.4233932981767,47.63335350282124,1950.9,19887.8,11
-122.34168546437742,47.6633703783677,-122.35731850027305,47.54626844561211,1249.5,15546.1,7
-122.41092163621248,47.7172013577603,-122.4021098758339,47.525247623014415,2345.9,26960.3,7
-122.25816549760337,47.58437649866656,-122.3078273327887,47.5720339328282,668.6,10026.9,4
-122.33342859738387,47.61095948633601,-122.24431774757967,47.513449729671485,1258.3,17741.6,4
-122.43365978648733,47.68903555948495,-122.42275293665618,47.72348375163659,587.6,4053.3,4
-122.33261264484655,47.5464278881281,-122.28632173975768,47.5235660205318,790.4,6023.0,6
-122.34417245559835,47.6092227165693,-122.31727026482282,47.56517127104188,614.4,6971.7,4
-122.34612599241675,47.66222634607105,-122.41892320122636,47.700431349138846,920.9,8358.3,8
-122.33577951218092,47.619042594259234,-122.37925977213035,47.52617016825939,1233.3,15218.7,6
-122.30478943918779,47.543698327259634,-122.31674556735244,47.72474688134419,1223.7,22327.5,7
-122.33456714042606,47.55637962188201,-122.41141885949138,47.50088652426603,1109.2,10131.8,13
-122.39689145110303,47.52773799664246,-122.36271158542662,47.6783696737392,1832.4,22049.8,4
-122.26499234525065,47.661282833298834,-122.27006439227804,47.548038589353034,1574.5,20512.0,8
-122.30799049602506,47.52433988590743,-122.2482257210562,47.72054574244108,2615.4,37485.5,12
-122.4249833302381,47.65929811421791,-122.35870427134951,47.62318806527093,1010.0,8754.3,7
-122.4210173007497,47.58619978604894,-122.41409733022824,47.716180364159136,2299.7,28566.3,9
-122.39751844844277,47.63912791538381,-122.32913520550679,47.5823173785613,1048.9,10447.9,12
-122.40517190735757,47.632981237003456,-122.24141904146286,47.587373746874576,1416.9,16895.3,9
-122.33396906566657,47.56327422385977,-122.23570721388644,47.60448001632092,1411.0,21145.0,8
-122.32438478854408,47.587124504415975,-122.32524954974754,47.53507531330755,853.8,8723.7,6
-122.3604387883205,47.60736491199419,-122.38246782660713,47.605572687850156,992.6,10505.6,2
-122.33725424388443,47.53786843926208,-122.33211915375814,47.54386662187135,315.6,3251.8,7
-122.40036171398738,47.631676675121525,-122.41983227079724,47.64278684875567,411.8,2884.4,8
-122.3304089373405,47.6006335347275,-122.42871430861892,47.63046588681179,1214.3,9700.1,9
-122.36549246829794,47.53023162300354,-122.25117674797495,47.52302170899321,1253.6,14381.6,5
-122.24460949764243,47.6224424806532,-122.32389826005898,47.52532977014876,1566.3,25629.2,6
-122.35324410184698,47.50605152223526,-122.2357213947101,47.691230322084834,2545.3,37130.0,9
-122.42269978396153,47.652666263184614,-122.27722783087466,47.729816669432765,2070.8,22380.5,18
-122.40507083518015,47.71772083228446,-122.38220353609306,47.52006793801658,2296.1,30686.4,11
-122.33687948746771,47.57160429385114,-122.2913468697058,47.58720769474914,804.0,8990.9,9
-122.4052642881228,47.547917285568126,-122.29087549154966,47.61965128084481,1484.0,17341.4,7
-122.40452586443892,47.72593407050371,-122.3083651748297,47.56931281159082,1529.9,21838.1,10
-122.34657793776552,47.58369776963519,-122.42645994862379,47.63706546180494,2002.9,18134.2,13
-122.38401024175774,47.61202953793421,-122.40890575295639,47.660054190245276,977.8,7212.9,9
-122.36107431756103,47.51190440853665,-122.29330412688965,47.53427517403392,1045.0,10021.8,8
-122.34832249625264,47.59727033421711,-122.30689352965538,47.672324510522564,870.0,10702.4,8
-122.2775854141193,47.53195937526845,-122.25394220298405,47.528938985689884,324.4,2316.3,7
-122.29856576221283,47.5053289052042,-122.2692419360486,47.579516710739654,1218.0,14207.2,10
-122.29871246264985,47.536546618584346,-122.31666088757987,47.514074627982936,570.0,9291.5,5
-122.37370763592293,47.68162344212849,-122.35537272826424,47.58354551141151,1353.7,16747.0,5
-122.32040442028888,47.657715268962384,-122.4254578242534,47.58354194662168,1446.6,19404.5,8
-122.39579749979904,47.58956335708187,-122.37230337053225,47.54547809342734,904.8,7524.9,3
-122.24817795224675,47.66080596877645,-122.42926720359178,47.64504535498883,1913.0,17623.6,10
-122.36716539594475,47.542020469103896,-122.38171207637158,47.61646063031245,1727.0,17355.3,12
-122.40187450660545,47.687929661577954,-122.31229395938767,47.66690639999643,1116.5,10790.0,5
-122.28269366593413,47.72409565135757,-122.28955278084882,47.62786240211087,1354.4,15217.8,10
-122.40244870130137,47.67860980154705,-122.27661604532011,47.72839723817714,1589.1,15498.3,9
-122.24454216660966,47.63231715469558,-122.37616645816351,47.723019897061704,1513.5,22356.7,7
-122.39749196003787,47.52158316043713,-122.29908292849773,47.50030370980157,1104.2,12705.2,10
-122.298409490247,47.66555478858345,-122.3264625232343,47.68253218522746,437.3,3306.2,6
-122.29931140480195,47.67640264081939,-122.39006764163646,47.54725995017821,1541.1,21392.0,9
-122.35851903014286,47.66317557346219,-122.36660600388139,47.56874032080747,1109.0,13981.2,7
-122.30875438180769,47.61278368928886,-122.2468289846246,47.52743535447566,1348.2,17814.0,9
-122.4286877938852,47.60620255179704,-122.39037380578661,47.53915487417846,826.1,6933.9,5
-122.29721855584955,47.56563025163245,-122.40842729569954,47.61240169583112,1444.6,14805.8,12
-122.32261680489302,47.67647473334216,-122.41605050370502,47.58629034672064,1466.6,20534.9,4
-122.40113823315372,47.59592723693417,-122.31854608667089,47.72037855302933,1591.2,25338.0,5
-122.3293175744099,47.56286771903712,-122.23799116041883,47.62418824646647,1101.9,19119.0,3
-122.3470763822728,47.6981953631732,-122.29389503781599,47.67132879097255,759.9,6557.4,9
-122.37055911143356,47.65623185284008,-122.25199883190484,47.64280250724916,1324.0,17154.0,6
-122.38757942061996,47.677702326454394,-122.4323542137653,47.65236721298448,965.5,8256.5,7
-122.38605981272404,47.71423573720142,-122.25621586055293,47.5912814932822,1703.4,24687.9,10
-122.32644377891084,47.668392261286506,-122.251102232978,47.591484197773134,969.0,15543.9,6
-122.43157550923662,47.63074476931603,-122.33846200869502,47.72919527015202,1705.8,15618.2,13
-122.26933176436624,47.591724890766294,-122.43326263251366,47.55539595716271,1028.0,14401.5,3
-122.33947270966874,47.6870581609334,-122.24911277851032,47.68201066971064,1051.2,8069.5,5
-122.35479417089165,47.651705814050345,-122.25471304594434,47.7060230997851,2210.4,26014.3,9
-122.26908708681485,47.5438148728263,-122.39178233234801,47.52513564061854,1464.8,13461.4,11
-122.26442873170689,47.56440659022215,-122.29028243796941,47.49707962620652,1058.1,10217.4,8
-122.37666663118502,47.53320496349809,-122.25194273485513,47.65402746380675,1776.1,26371.0,4
-122.2891546172502,47.52993990963059,-122.38864919269412,47.632726291718306,1408.2,17144.3,4
-122.36471669864497,47.633995523012636,-122.36613364536231,47.5117276492277,1368.1,17523.8,5
-122.42718994862257,47.650507546210186,-122.40519661936615,47.6763290451203,1036.8,9024.9,12
-122.37756724387292,47.716357741694985,-122.34264964518135,47.65226209584688,1105.8,10844.1,9
-122.35806120935928,47.60557447252328,-122.42575691769946,47.62796746168729,1009.4,8067.0,8
-122.35483101875512,47.52771608270013,-122.34061987956181,47.51826316537166,300.6,2421.2,5
-122.41138896469666,47.49794136429352,-122.4217370808879,47.585580723110894,1295.3,10784.7,6
-122.27820498208386,47.576521870044296,-122.40971852273358,47.64755786325614,1743.6,18226.0,13
-122.26190240839992,47.59182739184974,-122.25562405935506,47.70321500709961,2099.0,31513.3,3
-122.37935063981999,47.63487160185157,-122.29383126673922,47.6578998292042,1105.7,10781.7,9
-122.43363937117704,47.70368845605635,-122.2408473803365,47.61952469193632,1798.2,22838.7,3
-122.38044698668436,47.547454486261195,-122.31315570018863,47.640039141596404,1208.8,16280.1,6
-122.29396056849426,47.57666344557324,-122.24221972744826,47.594682537651174,566.3,7143.6,4
-122.40112069420918,47.576636392424575,-122.38265524188101,47.72348715357762,2056.7,28760.5,7
-122.42211169096373,47.6946696183519,-122.32721934755408,47.72149278985511,1173.4,10035.1,6
-122.32626450510723,47.6416116445999,-122.33372488189464,47.52354479219696,979.4,14737.9,5
-122.3411535048689,47.575875584718894,-122.43333203149142,47.56258332796006,910.4,8660.0,3
-122.27233533137934,47.72146796034327,-122.38977598789364,47.56647441693067,1761.0,24901.6,7
-122.29862860716311,47.52507353422537,-122.38556695230038,47.63885047094312,1632.9,17341.4,8
-122.31847714468901,47.64915574369886,-122.39079736602073,47.60095352901787,1292.3,16605.9,6
-122.24695525744951,47.55675778917911,-122.40629946857199,47.702622239360664,2179.2,27849.0,9
-122.31667128914307,47.58686939356733,-122.31826839309267,47.66992049453097,852.3,11245.9,9
-122.28647638067318,47.64364734463949,-122.32131067960577,47.62274736707965,904.5,14390.5,2
-122.30012561389387,47.5196299511805,-122.26431840257713,47.693554456145456,1842.0,25550.8,7
-122.3493383936793,47.637528138442015,-122.28968942126026,47.51351908431937,1157.9,18265.5,4
-122.28121803509111,47.57249595900504,-122.3814035239983,47.62321385371425,1538.3,15384.9,10
-122.29390155559254,47.56766924984588,-122.41116380121122,47.55332652962671,1094.8,11017.6,10
-122.40996513747076,47.652445117509174,-122.29693911284097,47.613753774980694,1448.9,11829.1,13
-122.23901262301897,47.550735296059344,-122.36213712500643,47.64040943283046,1656.5,21731.6,7
-122.31981782015222,47.507613200867624,-122.34891723856103,47.59905890950668,927.5,12161.8,7
-122.41115107283368,47.57130960450288,-122.42896301894406,47.49889334628832,2063.6,12932.5,4
-122.40495429418014,47.70892927182833,-122.40459542145801,47.667130392336205,1058.6,9519.8,7
-122.32802266571717,47.69526964654009,-122.38860180711794,47.61695696773506,1450.6,15143.6,11
-122.24400833701964,47.63563726895569,-122.40618135761892,47.62031781326101,1274.0,16261.6,3
-122.23978436513825,47.624928968038816,-122.32732718451922,47.70201806527505,1060.3,17587.7,9
-122.32146038081544,47.687378145058545,-122.24660359583862,47.51898105363714,1544.9,25554.6,3
-122.33730956692366,47.54593979333385,-122.28927485711955,47.69995503536502,1406.9,21201.5,6
-122.33301607702633,47.604584015819846,-122.29960268753564,47.64942682655274,536.8,7158.0,3
-122.32780516386265,47.590131422092895,-122.2592064778383,47.63582017772078,601.3,11407.3,0
-122.26703769417522,47.509541534953186,-122.27664314294921,47.6034889738056,1316.2,16879.8,12
-122.30071706265153,47.61943176294674,-122.29013917619646,47.68162220271954,901.6,7789.6,5
-122.29839799950354,47.63991098882642,-122.33157652961836,47.68341483295595,568.7,7167.7,5
-122.42932645407811,47.72208856759323,-122.3684541160431,47.61318154828367,1248.4,11433.9,5
-122.36497883433528,47.50761363899707,-122.35579158643094,47.652558974454024,1471.6,19580.7,9
-122.33614831479125,47.56622506362272,-122.41778075878241,47.68019802347439,1643.0,17634.1,11
-122.29916963792844,47.571622699205946,-122.3027146919238,47.707714500015655,1183.4,17923.8,6
-122.2370581757583,47.58343540613195,-122.34612038610145,47.697970841169216,1265.5,20658.9,5
-122.32813109781628,47.53638966110284,-122.31339510183659,47.670478872169305,1130.2,18495.6,4
-122.34419803676433,47.55522713305569,-122.40874910292119,47.607548058856246,847.4,7152.6,3
-122.39877182778599,47.6398626803359,-122.35880439448482,47.53866453553006,1637.3,16915.1,10
-122.35060955753953,47.655450989883995,-122.37707869147657,47.64917680925631,513.3,4298.9,7
-122.27178640240653,47.55175056371312,-122.36181834921446,47.52343092341617,1216.7,11294.1,12
-122.30210938260025,47.67601037530386,-122.40966060920802,47.6652997909566,1329.7,11060.9,13
-122.28363291123793,47.53432752411844,-122.27297501993202,47.69986845089966,1637.2,23318.3,3
-122.25133722002724,47.64300494550214,-122.4255762426977,47.53891338804319,1433.8,21941.2,3
-122.28775741202075,47.54510970255246,-122.23589371002187,47.53162050937093,1643.9,22642.4,8
-122.28828539327095,47.67543494560709,-122.2621514656844,47.53400633383558,1638.2,21991.0,8
-122.24457670475357,47.50901291442407,-122.28662295877767,47.66084724571757,1708.3,27166.9,7
-122.32853713166246,47.58971034212766,-122.25119413484461,47.695650322987376,2056.0,27602.5,5
-122.4048845185572,47.643545489439255,-122.28885472005923,47.58888332930569,1491.3,14254.3,12
-122.32222289085047,47.60862598324794,-122.31466810783841,47.708117312474705,855.5,12755.6,5
-122.24191736248423,47.50058717987938,-122.3384938850049,47.69511029721524,1638.4,28488.8,8
-122.41349542480926,47.50421137738293,-122.34462754957379,47.70672723216005,2162.3,28947.6,5
-122.4085182647939,47.690978861955635,-122.33920360426008,47.66459219280227,979.0,7962.7,2
-122.4068727492519,47.61716623515583,-122.38600882905145,47.63394555911204,167.9,1017.4,2
-122.3610403727493,47.593787504767185,-122.39249530434043,47.69467756039604,1799.7,23478.3,4
-122.41940705709185,47.72699646927136,-122.427410695103,47.65420950498714,1481.2,13259.1,4
-122.4140775967621,47.58905276043976,-122.27599855637992,47.58996454848597,1413.5,18580.5,10
-122.39157118503546,47.56726357762431,-122.42912382489811,47.52966082012509,647.1,5548.9,8
-122.39486085266675,47.624538063574825,-122.27288552691016,47.62429390890808,1332.6,10567.6,11
-122.2387440467048,47.52452663742688,-122.30856890486889,47.54474725964199,1449.4,20429.3,3
-122.35599333187253,47.526269450909936,-122.43247964881435,47.723861565839414,2256.1,29314.5,10
-122.30921682370963,47.51188038213748,-122.38613584646605,47.496001205527044,967.0,9821.6,7
-122.3824723152253,47.700585854768846,-122.4114641072575,47.628270751391966,1050.7,9617.8,9
-122.29213921375005,47.54787902523595,-122.43188858749168,47.533548335658686,1131.1,12937.0,5
-122.25246986647042,47.56864687915513,-122.40797524798027,47.603929759212804,1292.7,17106.3,3
-122.28249132713468,47.72804380733281,-122.40485215720568,47.61547765405437,1818.8,19390.7,6
-122.41781138285657,47.56189176756207,-122.35639922696663,47.72775440184654,1955.6,28755.2,9
-122.23762959093813,47.60940757168173,-122.40974131010739,47.67174678812244,1943.0,19943.7,14
-122.35493471970041,47.63658360950192,-122.25467480681876,47.57805472288788,1045.1,13902.0,3
-122.34244715398899,47.65038267531419,-122.34211365496016,47.72276105384515,835.5,8656.2,5
-122.30713139446803,47.59117464517304,-122.38519869164494,47.70124731078005,1396.2,18030.1,8
-122.4211824389485,47.65881306876421,-122.27122447720157,47.516456847751094,2064.2,26373.9,6
-122.41150992857564,47.55927471375438,-122.36126869448678,47.57737327247464,1013.0,6868.3,15
-122.34016625948045,47.58354998793979,-122.27862820244736,47.539149904511255,878.5,8917.9,7
-122.41771705736191,47.597627452748306,-122.3405439928933,47.569584106072774,850.9,7704.0,4
-122.34559193229009,47.68210973906191,-122.37730681237068,47.66318859213845,507.8,4387.4,6
-122.42482140049397,47.6374870384338,-122.38814832915716,47.53181822074497,1967.3,20680.4,11
-122.33301022084156,47.55634455059037,-122.3436090162261,47.7065690562376,1279.1,20075.7,6
-122.33193282793472,47.621165264885875,-122.30943624842347,47.63381560751239,538.8,4015.5,8
-122.287838828577,47.56847973077978,-122.2987158012142,47.56616840998901,238.4,1390.7,5
-122.32301605951054,47.639518611750006,-122.40367803635128,47.49731577909622,1529.2,20678.9,11
-122.28146588932051,47.683359321483195,-122.34590138144979,47.72284125653744,923.6,9566.5,6
-122.3728284806687,47.58321141304165,-122.29714140532128,47.66294154852418,1406.3,17620.7,6
-122.37962039208344,47.62724889205247,-122.30531257769061,47.71576194397828,1530.3,18324.5,10
-122.25739159909097,47.69019089075752,-122.3916045811512,47.58490408945936,1882.8,23055.9,4
-122.3866996554306,47.69942221080257,-122.41579638726834,47.65092650876085,1082.2,9718.1,11
-122.23729677329635,47.50652312025222,-122.3573966996181,47.53556309571925,1275.2,16982.9,10
-122.25514912049529,47.58591022858297,-122.29172695318205,47.72865677527943,1533.8,22477.3,6
-122.23689066418105,47.53735500048353,-122.25529564172146,47.498764424949535,1823.1,28471.3,12
-122.28674658584688,47.522905385696205,-122.35042796780172,47.59270197323788,1188.1,11366.5,13
-122.37067803121106,47.51443237511825,-122.38975430529982,47.53370953580833,549.5,4414.7,6
-122.28091587420856,47.57975662620524,-122.39124896872333,47.652780581273404,1642.6,17570.2,11
-122.24499185215191,47.70462956351378,-122.41851784508933,47.69719585835894,2407.1,25466.8,5
-122.24658075086856,47.70955798567521,-122.41758099358722,47.53381450530918,2775.0,42298.5,7
-122.3122697261346,47.65961234583647,-122.23768666101024,47.63317260895507,710.8,9702.6,6
-122.42584156497654,47.686441528167435,-122.392246889203,47.55370884676369,1861.2,21130.6,7
-122.25853254079743,47.71710239057932,-122.32594348175779,47.49509480859454,2733.5,41240.5,7
-122.32149142646047,47.60018807591121,-122.36623729782161,47.58901876099768,1107.5,8346.8,17
-122.31524144003126,47.59525680750529,-122.41112510766052,47.65084725152167,1271.5,12508.6,7
-122.24139148673224,47.71449771671713,-122.3466392722756,47.70475500082338,1563.6,17133.8,8
-122.43337382895308,47.5395809091209,-122.24911327505673,47.64241766377252,1617.1,25742.9,5
-122.29559233592757,47.614079610654436,-122.42564248652324,47.68683403120269,1696.1,14901.3,16
-122.40593139192656,47.662310393807864,-122.25443614329751,47.68164702248488,1755.5,15135.4,9
-122.26795957770082,47.599843112164244,-122.2627524620733,47.49984877204451,1016.1,17475.2,1
-122.36118510625435,47.496738089282246,-122.43231229334734,47.557157609185,1138.6,10314.2,6
-122.33410199293765,47.59930107502777,-122.3271998980498,47.56541748793322,495.9,4337.6,8
-122.39047876950059,47.54740702286644,-122.36810902654477,47.71074957000172,1928.2,27457.6,6
-122.25004991808298,47.618758799242,-122.42682351030717,47.50927528719319,2206.6,29634.5,8
-122.41081894739362,47.668743174745934,-122.39597912191206,47.62744127136043,928.4,7817.6,7
-122.29632816736472,47.72250684469631,-122.38693294076666,47.59021135927297,1737.3,24593.9,4
-122.31877103414504,47.535782394297314,-122.40118002808858,47.58495282700571,1166.2,12461.2,9
-122.43393184058246,47.703222141846524,-122.4247615618307,47.6850783063743,368.5,2357.6,2
-122.32249635124904,47.588777929629124,-122.3643698618228,47.547748145068574,854.6,7738.9,5
-122.26014222314568,47.64828417350355,-122.29478383477456,47.63427930185801,371.2,4692.5,2
-122.28001257294555,47.631268696741145,-122.43221515564841,47.55640607721656,1584.5,16963.7,9
-122.4111463454443,47.67887274412771,-122.34556447712276,47.65177739500683,893.8,7022.7,7
-122.27008827109927,47.668092398433394,-122.34749690830672,47.66402689280779,828.3,6962.2,7
-122.33236206517998,47.6973172195389,-122.38219209925624,47.703066813494594,658.2,5171.3,13
-122.41752258599182,47.68021620306495,-122.36278515078062,47.5841736924061,2109.1,19759.9,13
-122.43283228038203,47.497408381422865,-122.32038916478345,47.716225714291504,3302.8,35365.3,5
-122.32307042825123,47.50922583271268,-122.3197303330759,47.70590946524481,1573.2,26627.1,6
-122.40886353912602,47.554434575693534,-122.35077167191946,47.67655922280541,1503.5,19265.9,8
-122.3233834650145,47.54440141764132,-122.2447629469284,47.62196499815112,1300.6,21915.7,7
-122.4153181186899,47.49604133798876,-122.2366272762663,47.63782634864185,1981.9,29585.7,9
-122.34396021567068,47.545483498350514,-122.42664768430869,47.65330362353429,1918.7,20679.1,16
-122.25248362147072,47.62960485249331,-122.42363188841269,47.64671798120614,1788.6,20291.6,10
-122.31810143573104,47.71593737324705,-122.39270167888418,47.69378819961287,861.6,7789.8,3
-122.39825127486334,47.49908108446823,-122.27304442612824,47.62833896582025,2004.5,23038.1,14
-122.43309583292012,47.580728918361935,-122.23549338110867,47.65987437231404,1896.7,26073.8,2
-122.23758076499705,47.64844035500184,-122.25204962289581,47.71676209100933,1808.6,18881.3,8
-122.39925613008127,47.69062211742331,-122.34098878999862,47.66538030287957,882.9,7796.9,5
-122.30337977136317,47.585533769253786,-122.25897822280403,47.64531055501749,1037.9,17608.9,3
-122.27021835418802,47.70287674756367,-122.42956780111146,47.60334785792811,1993.3,26046.3,8
-122.37023425781167,47.572408273188245,-122.2809488417864,47.52626031223277,959.7,10679.3,8
-122.39739116455128,47.69717621103134,-122.2913228711908,47.53578329763959,1799.7,24825.7,4
-122.42170965747775,47.707142591611664,-122.23735141741437,47.60215432940799,1765.6,24214.0,6
-122.25282966342107,47.67557149771531,-122.2876590173014,47.69287356392341,577.4,4536.8,5
-122.4262347144018,47.59860550002216,-122.40176914267812,47.71818663576488,2255.5,29147.6,7
-122.382143124205,47.637650228899076,-122.32824592541522,47.678076437078445,1160.3,11777.9,11
-122.43253690590284,47.59545095871024,-122.42815623516975,47.72449552935625,2333.4,28847.0,8
-122.40886529804732,47.57760876463548,-122.35286461521493,47.71658584356043,1934.6,26947.2,6
-122.3642726173722,47.62503292055507,-122.26413884638264,47.680872353686716,1117.2,11979.2,1
-122.27025839656514,47.58388538579855,-122.4130815262083,47.603381154715414,1292.7,17708.9,8
-122.32539671678336,47.665120037339264,-122.25863113384024,47.583345613558514,868.5,14996.8,3
-122.2844304762306,47.59857375221598,-122.28438679431709,47.5043203940466,1297.8,15388.5,9
-122.36935830899341,47.53646523175951,-122.30089650313727,47.72415471144,1975.2,28478.9,10
-122.34372475391693,47.650051113769116,-122.40984973996217,47.57708027709157,1330.2,16381.0,5
-122.36656741229224,47.5930756376993,-122.32366019393712,47.49978366694729,931.7,11219.1,7
-122.23917766749537,47.631902742903506,-122.32674380640012,47.65286117767991,713.1,9763.5,6
-122.30696829215032,47.51265257273975,-122.40475585179539,47.62535884683554,1815.3,25523.1,5
-122.29604648663523,47.6566277920177,-122.28984880880445,47.64731696250916,841.2,13415.4,2
-122.34451638622653,47.571177711165156,-122.28565544698785,47.56348610459224,625.7,6052.7,2
-122.30428882747586,47.65169532599087,-122.31644981248348,47.67219178074212,402.3,3080.1,3
-122.26589639567968,47.67999710452002,-122.2879736705559,47.603552640407,1304.8,11869.2,10
-122.37897473898951,47.57257426609962,-122.33927240730611,47.676866372188165,1200.6,18879.4,8
-122.26891299226978,47.525330336485354,-122.42898638443019,47.610009267588346,1803.7,20507.1,8
-122.26144400818055,47.53056194362216,-122.32895348105035,47.62724162070284,1320.3,17275.2,7
-122.43306270945834,47.55361014417251,-122.3546006873266,47.60254133887977,1234.7,12439.4,6
-122.35522125890236,47.51896775375841,-122.26610214142796,47.536329020640395,1157.5,10643.7,5
-122.25490293607875,47.54454071186761,-122.39334219467548,47.60777909066994,1315.3,13944.6,3
-122.25196361409009,47.51340246748345,-122.2417196819919,47.67104809423116,1972.1,27700.0,8
-122.24097375691889,47.62749012756546,-122.2971399827035,47.592071125241596,1122.0,17550.5,6
-122.3661628451095,47.504919470616855,-122.24474867243632,47.57973093460498,1512.7,20664.7,10
-122.31546465033632,47.67320513228698,-122.40436463739462,47.670737074030626,1011.3,8315.7,11
-122.3499740699658,47.71487752375331,-122.26323174732829,47.67606001661568,1132.4,10748.7,6
-122.40351444957986,47.58159433096513,-122.39145892373219,47.716884297187576,2175.2,28365.2,5
-122.27427678119804,47.61444552934812,-122.25085530038567,47.640626131538454,929.6,12336.1,4
-122.36352992891355,47.529150688012024,-122.33121378900714,47.67840038455163,1552.3,21164.8,7
-122.38545460474937,47.679014926788064,-122.29021249613855,47.49967761365758,1813.4,26322.9,7
-122.38449788366601,47.64453912731231,-122.29039940596019,47.608708421620854,1280.6,10691.0,9
-122.24703562016659,47.523829715642776,-122.28454729925781,47.70278190331206,1840.5,28443.8,7
-122.38762776851674,47.515499795502336,-122.23926505779151,47.68816685000823,2335.9,27885.1,6
-122.32339066550735,47.56464642587972,-122.42295294400387,47.51258898761927,1314.1,11998.2,15
-122.28105666483427,47.49697193228382,-122.25354557819327,47.66070699929986,1743.3,26280.8,3
-122.41348190731065,47.61770041012996,-122.4066995393924,47.69824034861818,1261.6,11087.7,9
-122.25622261421846,47.61671660949437,-122.32059607013869,47.56070311815207,1363.3,23695.2,5
-122.42263722306154,47.61005323767123,-122.42866677286226,47.702222642246994,2182.2,23590.5,9
-122.31413399014436,47.67260800337809,-122.29098648209927,47.696000597646616,493.2,4496.0,4
-122.24804854282237,47.636022327736356,-122.40567968582803,47.535401143637024,1647.8,25691.3,3
-122.29428560104907,47.71910875832342,-122.4158001441241,47.67062361776535,1781.0,16398.0,17
-122.26169153122677,47.70814402935676,-122.27752818727893,47.540400536799154,2618.0,40782.1,6
-122.32692519381949,47.510011936003146,-122.30367374000227,47.50252519784677,275.9,3217.9,3
-122.32776528628798,47.54045693727414,-122.39090832020128,47.629725976126075,1346.8,14755.3,9
-122.33344012984433,47.64574126873808,-122.30186647711938,47.64859418200185,424.1,3301.4,7
-122.2521761335458,47.555124912434295,-122.31377486732949,47.72408685277936,1760.3,26690.4,10
-122.36058430062808,47.705100044878726,-122.43287119757422,47.72473657218837,496.2,3973.3,7
-122.30423612029863,47.64176679986228,-122.41742746694985,47.66990313366912,1475.5,12029.4,12
-122.32264396245418,47.63991450174854,-122.28900816576987,47.540673847912615,1143.2,18159.4,7
-122.32471566878336,47.714645011517945,-122.3913087119537,47.59825261614873,1659.2,24508.5,6
-122.38614282060072,47.66329018261119,-122.25907663672565,47.51059837061844,1933.8,24956.7,8
-122.42727582479453,47.59042755888902,-122.39362566214555,47.6977873195858,2206.4,27994.2,5
-122.27774866024724,47.53323541783746,-122.3663874735132,47.62691046871185,1226.7,15519.8,5
-122.31956458256928,47.54822175023476,-122.4296879763648,47.52522411080172,1140.1,10211.2,13
-122.26724536503033,47.49980738430299,-122.43347276285854,47.57720832983779,1508.6,19097.0,7
-122.25255991022115,47.58451413122514,-122.40292100295507,47.560059075140785,1228.3,16744.8,5
-122.33007122077152,47.672852027579744,-122.42325903245738,47.68908438085547,1082.9,8815.0,10
-122.24020373626475,47.49797573331581,-122.32657295858571,47.51713950267826,869.0,11741.1,10
-122.40666043572904,47.7214154682635,-122.33577100747434,47.654996207328914,1093.8,11567.0,6
-122.32807675367884,47.67450056537522,-122.28499037345532,47.696463549056354,602.3,5376.5,6
-122.24494902314844,47.60817855198248,-122.3776020078153,47.72995801617179,1752.8,24288.8,11
-122.26123168911835,47.55021256449842,-122.35702625699354,47.66024067400118,1557.9,19460.0,11
-122.35178063282721,47.72665879190745,-122.2663059056432,47.58838658139756,1281.2,21721.7,4
-122.37058389108213,47.6004935326757,-122.28106162350875,47.674310003685754,1624.8,21637.8,6
-122.4039985348627,47.512023758292436,-122.25389495349583,47.72061802969237,3202.2,42559.2,8
-122.29578729107968,47.650134559483845,-122.42616151439343,47.580287805804545,1583.5,19565.6,6
-122.31212066749507,47.683852229524554,-122.29902422651472,47.66671463152601,348.7,2794.5,4
-122.42056318638105,47.5894539062771,-122.30710453930323,47.59142465097613,1159.1,12213.0,7
-122.42600898836392,47.651628409973775,-122.30195762254797,47.646049449768924,1380.5,12959.7,14
-122.28841501734168,47.68628285760337,-122.26493545302523,47.63478854573568,804.1,8950.4,2
-122.28579811680129,47.644442606058924,-122.23696198929159,47.542163862150666,1478.5,22819.6,7
-122.3887313012161,47.53781233614131,-122.34261238127954,47.502075714588216,840.7,7553.8,11
-122.25875221771228,47.661901192402496,-122.38882284957529,47.65382869699521,1436.5,11782.4,16
-122.26143408549399,47.6132557267415,-122.42357880629349,47.58909393456122,1670.7,16276.7,9
-122.36575695719375,47.6221661434497,-122.41408405794296,47.500629388615884,1699.8,18257.5,7
-122.27596221809281,47.632523152279084,-122.30672930926137,47.72916853132742,1291.7,17545.3,11
-122.30216863942024,47.59460494825975,-122.24240411377438,47.5857405167017,511.3,6408.7,8
-122.31235886571234,47.50544397885051,-122.32152418127558,47.59839896899559,1062.3,13749.5,9
-122.30162057019778,47.699834060694364,-122.31288869307889,47.58299999467105,1050.1,15402.6,4
-122.24633139732796,47.62067003774837,-122.37350832010897,47.63427240340983,1227.8,15848.3,6
-122.27228912749507,47.59607198082411,-122.23581471572665,47.577238822519355,692.3,10748.1,9
-122.3462973248097,47.5464810122917,-122.36193488730235,47.49660747278359,725.6,7075.6,8
-122.35229711988136,47.688185790191945,-122.36707310692024,47.693016953162335,225.8,1646.7,3
-122.2411908448841,47.69007840313565,-122.35065459619516,47.71440834009161,1491.9,11515.9,7
-122.35239032057369,47.55024146022963,-122.41281378180733,47.604318533726904,871.7,7094.2,5
-122.35954979031264,47.566331708540844,-122.28137038976995,47.596071185739014,917.4,10083.7,13
-122.34637320556382,47.587660047188635,-122.28243872742517,47.611272409538245,1371.9,12305.7,8
-122.31948097883756,47.49534307963403,-122.26210552333383,47.667269772113194,1782.6,25232.0,7
-122.25506991788183,47.698248422314464,-122.28130463685481,47.57867651648767,2327.7,35069.2,4
-122.32935914389519,47.61982026611628,-122.40704843504547,47.569192480604094,1147.9,14104.5,11
-122.2834775738945,47.586192499918134,-122.39081851977889,47.64314485095896,1546.7,12848.6,13
-122.24222730388338,47.572343668521874,-122.30635419788598,47.643389724570845,908.0,14635.0,0
-122.33669572930492,47.50649905506018,-122.3504777926428,47.500481473221335,183.9,1757.3,3
-122.31095404905871,47.700705292266946,-122.36908154932958,47.61248338028347,1034.6,12227.8,7
-122.38421412565704,47.58225433592637,-122.41393657463175,47.696802629422535,2017.9,22037.4,8
-122.31494220122589,47.49575166722165,-122.27771990828404,47.54563370899505,966.4,11663.4,11
-122.37131042268608,47.69446242522916,-122.30922385988805,47.54499283631247,1341.4,20706.4,3
-122.35804248259119,47.545783360651214,-122.38194792692839,47.64044128479132,1642.0,15749.3,10
-122.32180522498963,47.54395198699619,-122.33196373811916,47.72402124025734,1192.6,21994.0,7
-122.36460527824246,47.66112317858648,-122.36862436586736,47.60375843119151,695.1,6941.0,6
-122.31051157493533,47.582302084587354,-122.37049331496358,47.707636554390206,1527.0,20616.3,10
-122.31960482453687,47.54731507421137,-122.39406864580971,47.69728743389074,1567.8,22841.2,5
-122.37608109714702,47.52767869203684,-122.36166466340417,47.577335768314306,1140.6,7873.4,13
-122.4159107231975,47.53442720684428,-122.349375840652,47.66691128979463,1541.3,18772.5,8
-122.40540174530308,47.61214522219524,-122.3488746444711,47.568125360773514,1128.2,11836.0,10
-122.42306673771574,47.711077553296505,-122.33737833563072,47.69427006775691,820.4,6433.9,8
-122.42656068169985,47.495172863111584,-122.4267325239238,47.661121801180215,3777.4,32213.9,7
-122.38248733244598,47.71943628816515,-122.36363735186764,47.70515926233323,349.4,2786.8,5
-122.2574783385342,47.59967382292556,-122.38530592026508,47.63544614786241,1352.0,15402.7,10
-122.41934130067563,47.671895353799876,-122.30663366925617,47.59772776691623,1610.6,13788.4,8
-122.33537370615282,47.635299992361745,-122.28054171425268,47.55862725876796,1077.4,12290.2,6
-122.36258224485378,47.70764228476666,-122.41075317690397,47.4960124181053,2277.3,31447.4,15
-122.41731933269719,47.723765400051036,-122.28971119786407,47.693658392302716,1238.0,10653.1,8
-122.27200309172584,47.70532625549049,-122.39059488116355,47.608659320070096,1853.9,24897.9,4
-122.31384150649271,47.49977967345068,-122.40523125400351,47.54048442103983,1139.5,10774.1,11
-122.39272013554519,47.49922522330514,-122.30141724187621,47.64950429875137,1745.6,23351.2,12
-122.23840743311024,47.68435783782913,-122.33954343338621,47.55132861263742,1712.1,21240.0,7
-122.26836853241085,47.711804923004955,-122.314647028751,47.505520111553736,1895.0,28289.3,10
-122.4063009082365,47.669147890591105,-122.30400382053134,47.604470787474185,1547.6,13023.7,8
-122.40254772670428,47.53851301515834,-122.24398903882577,47.58155218711582,1387.1,17955.4,9
-122.3362376843902,47.676318851059996,-122.36297858223908,47.6011713747852,807.9,8159.6,5
-122.38832599885392,47.67625722349828,-122.27309329866331,47.545925802171624,1777.8,22522.7,8
-122.32156401789226,47.58394994858262,-122.30433667932266,47.58818381372257,355.6,3754.0,6
-122.3079975971845,47.56350640041075,-122.30291197783919,47.55471443884202,183.8,1338.8,1
-122.2916138146845,47.49947148973724,-122.35047970848896,47.57996058230027,1381.3,16028.9,10
-122.3507862490013,47.510544175243965,-122.31779170659888,47.53676307966964,549.2,6273.6,4
-122.24242942411699,47.50655985202679,-122.2441712357363,47.501902302960964,69.8,589.4,0
-122.31155228706358,47.70160607661068,-122.39487013472728,47.56553766496981,1494.6,21710.9,7
-122.31343706705924,47.53251370055029,-122.37146289834303,47.725803838372606,1731.5,26687.3,9
-122.34619007719618,47.5893761428313,-122.41580709615334,47.617078195181364,1656.8,16006.3,7
-122.27387236744039,47.57878959695443,-122.39800848627951,47.58491921887796,1197.6,11726.7,8
-122.30068692078476,47.63358439279477,-122.39739215543958,47.55733542191606,1240.2,17724.6,5
-122.4306606437452,47.65270939406678,-122.39479212211613,47.599267533054075,2005.7,21792.3,6
-122.42072482431097,47.58472601459605,-122.25096022390795,47.52122717787609,1624.2,19862.7,3
-122.42522374455034,47.55671353447566,-122.3276441743628,47.60149008232673,1000.6,11027.7,7
-122.41193619225169,47.642674249962866,-122.3213516852435,47.501409010002014,1667.7,20975.3,9
-122.29045343975203,47.67458156381682,-122.30240452956194,47.575330961650224,1130.2,15278.1,5
-122.43351881621375,47.66629592150775,-122.32587073100939,47.556269962284794,1884.8,19840.6,9
-122.37779111902287,47.60934667389973,-122.35327630101376,47.582629809339366,850.3,6945.4,10
-122.28036665809441,47.508398075795256,-122.32097727634829,47.6381946548674,895.0,16785.2,3
-122.30026551348678,47.50613815795502,-122.32823199588093,47.5127425869574,590.3,8149.3,5
-122.2474844484001,47.5841443664354,-122.42379090839164,47.67644685153752,1843.3,20358.7,5
-122.36499274134857,47.63249493623544,-122.29744670100794,47.54336702122218,1075.4,14109.7,5
-122.36196641220224,47.68784802403584,-122.37875406759689,47.54047206361916,1629.5,20381.1,6
-122.33514670265122,47.66089755956519,-122.24837479403902,47.647780963294665,912.7,13034.0,5
-122.36044261547721,47.57077474544529,-122.27562516826471,47.5182407656811,1019.6,14360.0,6
-122.40073512396931,47.54559674580824,-122.31267195967935,47.72673685280317,1863.7,28159.5,8
-122.41419414164929,47.55906367716038,-122.26309701531802,47.64890601891785,1597.5,26374.7,4
-122.35670669727091,47.62114128821157,-122.31390041616316,47.565416979609765,706.5,8875.2,3
-122.28408029292036,47.60080658976266,-122.25440949390631,47.64722405595483,1139.5,14359.0,10
-122.36367583214754,47.532354324454296,-122.28800501331627,47.58711021242029,1286.2,12232.6,10
-122.29234534532675,47.72774698809818,-122.36320793257993,47.72588304559199,692.7,7114.7,4
-122.43106510812962,47.690056227490835,-122.3394617252672,47.56306677073225,1455.7,16888.5,4
-122.37143859008826,47.63008647210716,-122.4232610737767,47.55337954247747,1264.2,14875.4,6
-122.29668626020994,47.53961061610703,-122.39343209120307,47.580712944213374,924.3,10747.9,5
-122.42028096763443,47.70779118437699,-122.42111999383475,47.497410456039894,2627.2,28598.5,11
-122.24424950479523,47.718275732450756,-122.28998444462195,47.68694679711055,1498.9,15075.9,5
-122.24748832184684,47.60980476402142,-122.30779862501723,47.50003958868526,1704.2,29416.3,8
-122.2941762718179,47.69202332251564,-122.27999319279782,47.506732523393694,1404.9,24025.7,5
-122.25775342716861,47.5188601949617,-122.26703395932343,47.568870757427845,721.0,6272.9,1
-122.43061812041849,47.534017711643095,-122.41819819201018,47.7063784455451,2236.9,28700.8,10
-122.25583819207338,47.66548797383103,-122.27155819958789,47.6313138028447,1127.9,9558.8,7
-122.41711675247134,47.57715963015986,-122.4189124550049,47.56770737590581,136.3,911.3,1
-122.36662725680357,47.595803898843734,-122.31613191525079,47.564109189562586,810.5,8137.3,5
-122.32167910391644,47.61472895008161,-122.27095535955003,47.576317062451885,999.8,7594.3,7
-122.31020264032037,47.57862056076432,-122.2697058091874,47.506259856762696,750.1,11290.5,4
-122.37975562735572,47.62363063298252,-122.42591792378786,47.56940332428251,1746.6,17445.8,7
-122.37908101742647,47.60382615925476,-122.35821088506741,47.52523705203197,1082.9,9130.4,3
-122.33901751619993,47.605346069830965,-122.37587640762771,47.7180652250349,1328.1,17175.6,9
-122.2484479068201,47.6872466675819,-122.285348574389,47.521240474064776,2070.7,24303.4,7
-122.31899093645944,47.54384730173463,-122.23711115639587,47.52136207831354,1440.0,21394.8,7
-122.2821085248661,47.61225294201549,-122.2881541098139,47.60736271828716,186.7,1223.1,4
-122.30076866799642,47.57700718183603,-122.40421988969406,47.497700593288386,1438.6,15117.0,13
-122.31089196174875,47.69857391374624,-122.33497831772735,47.641489359585954,584.1,7155.3,4
-122.35654363044476,47.575217840298684,-122.33703270389996,47.56769213116244,264.1,1950.2,6
-122.26732323555,47.49776077756586,-122.26613160969676,47.652604103787226,1646.3,25642.8,6
-122.32390671884633,47.672449009274835,-122.25550015118436,47.57096428492392,1088.8,16713.6,3
-122.27122262328274,47.6313264725968,-122.23788491706709,47.63449504802127,910.9,11394.7,8
-122.25554994782323,47.698592376632114,-122.40978799595443,47.55489376840228,2694.9,41664.2,4
-122.25560179982253,47.50688364381933,-122.30586279582916,47.55011262966073,682.4,8381.8,10
-122.4239479787088,47.68739938659974,-122.289091832911,47.70072671250426,1485.4,12255.7,11
-122.33962464520866,47.49715633264987,-122.31647513480524,47.49723739472231,314.2,3059.9,4
-122.3781689090497,47.60793803469876,-122.26278673508587,47.643226405761474,1522.9,25109.1,2
-122.29505595225554,47.685402882588356,-122.35773388004408,47.71942462907449,916.4,8648.4,5
-122.24192090591218,47.713382640820754,-122.34512030747364,47.709614240656464,1555.0,16874.9,8
-122.23735417155399,47.49504992531408,-122.42539179260125,47.51532637754237,1698.0,17659.7,24
-122.41919357144417,47.5409669476048,-122.3123796258993,47.631380310487735,1384.9,16663.5,5
-122.29720945481772,47.697717005221236,-122.28766014301004,47.5767652695949,1200.4,16677.3,4
-122.37723942410564,47.585177318440785,-122.37594543058474,47.70308944445169,1775.6,24218.6,8
-122.43043029874634,47.504182242886934,-122.35730723428772,47.58739659765542,2658.6,17195.8,8
-122.29623902262021,47.574807562469545,-122.31524295532677,47.54166299390541,685.8,6986.8,9
-122.26386723450612,47.52980295549685,-122.34522644555034,47.696343884692574,1602.4,23297.5,6
-122.24627674198858,47.65498821122679,-122.43052282295626,47.5690855934051,1944.7,27025.8,4
-122.24381588352249,47.7156904474469,-122.25120211994961,47.52521529042529,2875.6,41661.4,15
-122.23512565493036,47.725868741859365,-122.39430765499678,47.68649095138139,1927.4,20922.9,7
-122.4346803401875,47.56730022336211,-122.29074265373298,47.68539964276001,1834.4,24048.1,5
-122.3706856537748,47.59150980994754,-122.29961592674717,47.60733569703562,1036.1,11689.6,7
-122.41266008119096,47.60943810128268,-122.40365319520059,47.56041724151904,533.4,4440.6,1
-122.37154831578319,47.64770902049646,-122.32043401902432,47.5537016154094,1095.1,14199.6,11
-122.42987134424901,47.697971018135505,-122.25316125063316,47.573955695295226,1998.2,26302.4,3
-122.24514920655253,47.588916707536335,-122.30333164774837,47.67879180079806,1081.9,17021.0,5
-122.29344150520969,47.597489399327785,-122.26310854524098,47.55622872400287,810.2,6649.0,7
-122.26872108115865,47.53317534387353,-122.35353987318501,47.595174503964365,1215.7,11648.3,11
-122.24863410347264,47.644064892803996,-122.41214535931928,47.51687559769498,1856.7,25304.8,5
-122.36481491076717,47.667914384902396,-122.26958250851496,47.67454045587929,1064.2,8862.5,7
-122.29572020426708,47.51499248068803,-122.26310548120867,47.60601065514981,1228.9,16927.1,8
-122.43209949501154,47.64299315497283,-122.40195602618519,47.683457549564004,1236.7,10263.1,13
-122.36678321870974,47.63692349260941,-122.28636364001726,47.6249170638476,1065.7,9563.1,15
-122.43368807249351,47.57915690486652,-122.31496881173571,47.652973026417094,1585.5,19960.6,7
-122.24211124551711,47.551465269353855,-122.32681019882662,47.503885499295805,1664.9,24273.9,8
-122.28777008466086,47.506141519604874,-122.25684678325928,47.65083007977257,1547.4,26990.1,3
-122.34279846789393,47.725938061724506,-122.30132714602368,47.60737029943443,1174.9,17454.6,4
-122.27962556564276,47.7183156372217,-122.30043217580997,47.618199395978074,1399.2,15445.2,10
-122.25600882635649,47.57813555016843,-122.34372307068506,47.62055831721272,845.0,10499.1,6
-122.33141394702741,47.631788514653515,-122.37845715290068,47.67097922367816,872.9,8347.4,11
-122.42044714678056,47.71125858316757,-122.36438645779009,47.699848047670734,473.6,3553.9,6
-122.4131161066975,47.67360968919771,-122.3612119895165,47.59012289535306,1783.4,18367.7,10
-122.26688525673232,47.700073667587056,-122.42441482174753,47.53138625821074,1942.7,26165.1,6
-122.24586264359438,47.564460215485724,-122.36246414313126,47.70698345659161,1625.0,24389.6,7
-122.42605747377718,47.53243557819532,-122.32829047466292,47.51678948627353,1104.5,10397.9,11
-122.3933253142158,47.70964352216553,-122.3052064644021,47.653393426099505,1194.3,12105.2,10
-122.25179664914795,47.688097948413194,-122.39628674020197,47.668838951317376,1731.0,13620.5,4
-122.4024116626535,47.58521485865123,-122.3356858298913,47.53263773908972,1074.9,9450.5,7
-122.31538808996677,47.61175924110134,-122.28473591337072,47.50901376110007,823.5,13623.7,3
-122.33337569918379,47.71077435042271,-122.2779053663338,47.61317360712306,1093.8,13942.1,8
-122.38341485367185,47.6941090819817,-122.23535163111357,47.5068998887454,2152.1,33603.5,9
-122.24742748730412,47.525413649909254,-122.3292801290494,47.629648645719996,1377.6,18589.6,5
-122.42388162075827,47.53846970338457,-122.37729941249279,47.72593100762539,2138.0,30023.9,10
-122.42549154733163,47.64356105363814,-122.40587727936996,47.54944813144271,1933.7,20272.0,13
-122.390117609145,47.69611278328461,-122.3257517072395,47.58127085892173,1428.9,19672.2,8
-122.28720815401539,47.64430401500227,-122.31865676216138,47.673226752495665,817.7,15676.9,2
-122.36345593502172,47.5582811242525,-122.28538283174375,47.59299474580713,966.9,9524.7,7
-122.30061936429827,47.6414883488105,-122.26084439955912,47.615160128488746,480.2,3981.5,4
-122.36336767482453,47.51075621662538,-122.40593649241794,47.51207675070497,554.8,4405.5,8
-122.42544346287517,47.53359074681486,-122.41357576037659,47.68038581031516,2169.6,23482.1,13
-122.34291069730497,47.6861087212965,-122.28880743211872,47.61995212631297,1032.4,12063.8,12
-122.33763148643358,47.713533914416914,-122.30866798496382,47.52402038143566,1546.5,23421.8,7
-122.26217332334551,47.70577104150101,-122.3455776928056,47.5823506934111,2757.4,39737.4,10
-122.37018387198526,47.65997153605466,-122.34560569525287,47.65721189050336,454.0,3422.4,11
-122.31844014126875,47.57849918145501,-122.29436497923453,47.720800554922015,1028.4,16812.6,0
-122.3780948071367,47.54923067240156,-122.38235272913505,47.65950122622019,1609.1,18229.2,12
-122.36742532652531,47.6126261266865,-122.39061360157918,47.62605529130698,618.3,4447.4,8
-122.30896581171343,47.53221804803156,-122.33464592899269,47.54825610679836,301.8,2961.1,4
-122.37925893689686,47.65139141781139,-122.40577962409392,47.600123035973795,1591.6,17830.1,9
-122.31770554490816,47.638771947726,-122.29119730967757,47.57593271484582,876.0,10144.9,5
-122.39886147940045,47.522228111997116,-122.40959707074367,47.64631505363821,2093.0,22129.4,8
-122.29416793113914,47.68373553395393,-122.30775819519046,47.716145550989516,590.1,4858.1,7
-122.3024368206895,47.7010849108638,-122.39210831177245,47.630310000493274,1296.6,14698.9,5
-122.3408682723301,47.59197833652899,-122.3870726783146,47.64645240175752,1177.3,8796.0,11
-122.39631205063526,47.71246794059083,-122.3125600874559,47.544672269574626,1600.8,24029.1,12
-122.29315837183852,47.522590181919504,-122.37988354635758,47.5224040512899,1185.0,12127.3,7
-122.31385503739965,47.589403418001645,-122.26868765133769,47.50052312431169,923.8,12867.7,3
-122.24006909855119,47.7051077576408,-122.2921144413669,47.66310481722988,1691.3,26111.2,5
-122.24261293200739,47.72126815009055,-122.34171516204914,47.53329455090672,2476.9,36200.9,10
-122.26073074310577,47.683042561866166,-122.40678758619549,47.69219776628992,1665.4,13854.3,5
-122.25346364249071,47.52488313475819,-122.39369275809294,47.57222348684952,1440.1,15109.5,9
-122.3145265666053,47.66739382111235,-122.2589646279752,47.710368139868166,1762.9,22025.5,7
-122.31309744285554,47.59806668332166,-122.41828296201525,47.71712728361612,1470.9,18474.4,8
-122.34619626492784,47.683215382212815,-122.30594030117666,47.50262960031042,1538.9,23042.4,4
-122.38382819940341,47.52865917381045,-122.37445657721803,47.606133327492074,959.1,8094.9,4
-122.35165113517216,47.659826859887836,-122.38968700530144,47.66902553195594,456.3,3520.2,3
-122.3587576490995,47.55916859198446,-122.31282482936281,47.54447010692847,663.7,8187.2,8
-122.23657608660567,47.51978794084151,-122.29783645947124,47.729357455950314,2229.3,30864.8,4
-122.24444200772025,47.6883064598901,-122.3077259032971,47.52521987124284,1975.3,23511.2,6
-122.271923526814,47.712744193719026,-122.41173510758618,47.70785591285601,1412.6,11609.5,16
-122.30699559149049,47.620644326837414,-122.33938379133735,47.699135766295946,880.3,12047.8,5
-122.30572637651176,47.72175270566343,-122.24489726912587,47.52944805226485,1955.1,31230.8,7
-122.26401131266277,47.63330474403578,-122.39004844867941,47.50276215903394,2049.2,30966.3,11
-122.40214308989366,47.58792115184852,-122.39721847815053,47.71125225684178,2130.1,27075.1,7
-122.36331745563851,47.50194889447679,-122.31721105253584,47.61577959746787,1298.5,17530.6,10
-122.40490389954249,47.72802171205636,-122.33475664825455,47.5998919365324,1332.8,17606.9,10
-122.38823904207447,47.59116325242464,-122.27833418054159,47.516867768436,1203.6,16084.2,4
-122.40300365648356,47.57953726470425,-122.3223020065348,47.56616500659051,796.0,7895.1,5
-122.43498360584415,47.64799218075836,-122.42481038293317,47.69847198043823,1289.9,10738.6,13
-122.3958268871066,47.69670146611345,-122.40189386980384,47.496631078717556,2511.5,29675.2,15
-122.40320938162661,47.67945141148028,-122.34404737367493,47.64447363397365,865.1,7092.4,8
-122.3323945771595,47.6764430231159,-122.31617736603341,47.515774023051655,1308.6,19989.5,6
-122.23834391076208,47.69169835756168,-122.32644772369191,47.69915458241722,1718.5,17888.0,7
-122.34086589100929,47.62726572072486,-122.36576009141635,47.606466988968215,327.1,2363.1,6
-122.39696759729031,47.66831971347176,-122.34343612547343,47.63582690992705,814.8,7256.9,9
-122.33629669441386,47.559731396852975,-122.25992796323938,47.53107928523163,1006.9,8053.7,10
-122.27875043335918,47.529473478905835,-122.31719484297794,47.596235991050015,954.5,10654.1,7
-122.41830451501153,47.53061822379658,-122.27602929458774,47.61809930331054,1645.3,16850.0,12
-122.3892592545424,47.68293421042741,-122.41682462249457,47.549025443545055,1852.6,21356.6,9
-122.33386322257209,47.55130611324074,-122.36645414960525,47.67494463652589,1161.9,15862.4,5
-122.3302960684366,47.61168506888019,-122.23649743143582,47.55409445178034,982.6,14070.2,6
-122.29212184622763,47.67809062476818,-122.3569927392066,47.51467424644367,1650.6,23111.0,10
-122.39151969779854,47.68748845089907,-122.39725642907223,47.72105921665651,745.8,6157.0,4
-122.37658236326796,47.55004662894162,-122.27644854834575,47.56944803343993,1204.3,11898.4,9
-122.42275857378064,47.65251521212192,-122.2503683115981,47.528763629809376,2238.7,23898.7,15
-122.34482337844456,47.66693624283167,-122.28933800510173,47.64149752977147,756.5,7653.8,8
-122.29552293872443,47.601344933494765,-122.33291835018352,47.729640121587295,1221.9,17754.7,11
-122.35794066885606,47.603683318125185,-122.28718826785163,47.687976464510115,1167.7,13183.7,9
-122.4056746630339,47.570938837103924,-122.25919347719937,47.608323144493085,1200.6,16679.6,6
-122.25278519769607,47.65010194813384,-122.38827311280336,47.55739109945871,1161.5,19411.1,3
-122.25295214900449,47.541021383558714,-122.35600048589795,47.53569816245044,1197.6,10352.8,13
-122.39611146711933,47.706856741227824,-122.27905500438247,47.6399738432921,1640.5,17144.6,12
-122.27306975885757,47.65276313694338,-122.2892784034381,47.70367770217585,870.0,7177.0,8
-122.31022754580027,47.726937300593,-122.30921318523653,47.68330763562894,646.5,5278.3,5
-122.29734841940316,47.714795941432115,-122.33714849811105,47.53513540586223,1414.7,22422.8,4
-122.34594972798351,47.53300778989332,-122.43260343162538,47.54494260691546,690.4,5699.3,9
-122.30716702180924,47.60275021446062,-122.35176494434121,47.579641252917654,830.1,7928.7,9
-122.27430235253246,47.693504019434,-122.27291012161496,47.54743756492032,1666.3,23657.5,5
-122.30853355776632,47.54779530600437,-122.41823734745023,47.70353336559903,1706.1,23876.0,8
-122.38048460278686,47.69370246860025,-122.39298873325797,47.61779605868479,1086.0,8933.1,9
-122.32331343950167,47.56825360425438,-122.24619267315495,47.52374910323556,884.6,12406.4,1
-122.43118961069497,47.65432355035043,-122.40035971528432,47.56899074668364,2021.9,21976.8,9
-122.29820414847107,47.523884299726,-122.30825636487484,47.58955859410955,795.8,10597.3,4
-122.3837731377561,47.56788314810282,-122.42261564263178,47.569416372962365,436.8,3298.8,7
-122.38126610213776,47.50806036953771,-122.40387378851277,47.60757001705967,1276.1,10997.9,3
-122.2666044917522,47.53758858906913,-122.36305794610608,47.54047497199644,1233.3,10940.3,12
-122.33031735708839,47.54532413028783,-122.35067395821986,47.68634563795812,1208.9,16541.6,4
-122.36776292728135,47.66538922458891,-122.43324728878636,47.63162148437739,880.8,7057.8,14
-122.31148435285645,47.507605706549654,-122.27157551578476,47.553479931348356,1084.5,9927.4,7
-122.39306832925043,47.59954055277467,-122.3853454913681,47.64746106623831,1632.8,18134.9,12
-122.36222096563144,47.52948372338319,-122.32461972301753,47.612905014833096,1240.1,14313.6,6
-122.37776238441784,47.66603543999889,-122.31093953811276,47.726289709184094,1197.6,12125.0,14
-122.38822201424681,47.522683838034034,-122.31120759034391,47.51668570450342,853.6,9339.7,6
-122.23523980083917,47.49932550651471,-122.34357238307945,47.714118774841964,1878.5,31784.4,12
-122.29491427701046,47.724799692800914,-122.29481151823218,47.64203152860642,991.6,12429.1,4
-122.25395898448943,47.53779233657081,-122.41737376464222,47.64439855186713,2024.1,21832.3,11
-122.2485234235615,47.614168080562045,-122.36246923829592,47.55217421284507,1585.5,23896.5,7
-122.27477028489918,47.703104461921015,-122.36252124317367,47.5932386733115,1675.7,22136.7,7
-122.33623905653371,47.62040980111856,-122.24826092356545,47.585955495404406,625.4,9709.0,5
-122.3159340517534,47.61612408380213,-122.29613992691225,47.7092172118142,899.8,12491.5,4
-122.42274845630303,47.53674267581268,-122.37515080544998,47.692470813890736,1894.7,25911.5,7
-122.42225686497662,47.61361264185164,-122.40312880278528,47.70535864610357,1190.2,10668.6,12
-122.27307956904127,47.6732587016573,-122.37918269466577,47.662479792242195,1159.6,9102.7,8
-122.38568033180651,47.66894207778752,-122.3160109032924,47.51064545077253,1633.5,22440.7,8
-122.38804501924345,47.7265090583266,-122.3104831458627,47.5882397777379,1428.3,20723.3,5
-122.43460112647303,47.64183440196234,-122.27698208688057,47.51466275911209,1967.5,24363.5,11
-122.25134473831679,47.560616343446476,-122.31181975178374,47.64962965534799,1496.0,17510.7,8
-122.40198285879168,47.54678865124747,-122.33318852224068,47.70831875418016,1692.2,25285.3,9
-122.37360214497772,47.54509206915146,-122.268767015073,47.65673658699798,1636.5,21377.9,9
-122.29975656029836,47.62171899028974,-122.28983982220778,47.527562304466606,1124.4,13022.9,8
-122.40953420013676,47.61263274987876,-122.38766445882312,47.53717645123573,1586.8,17401.1,8
-122.25266458694524,47.514417811893246,-122.41413218497377,47.69165253576459,2351.9,32857.2,9
-122.33216496712275,47.62678329694796,-122.31432822197895,47.512969999546385,1039.9,14789.9,5
-122.26575324888054,47.627681885598705,-122.30832203702846,47.4971870123029,1542.2,20123.8,10
-122.32099914592654,47.62307156274509,-122.30399604449727,47.52588200911463,904.3,12765.4,5
-122.35396441534742,47.7230568326172,-122.39796287539019,47.5011370134421,2255.1,32491.7,12
-122.3928116954584,47.528126170342574,-122.35755288978511,47.55303202390806,790.4,6447.8,2
-122.31646879220574,47.60857058631251,-122.32130000513335,47.585173166887856,329.9,3387.0,4
-122.42213954566803,47.70536996532228,-122.38222232435889,47.5365023104924,2202.3,25359.7,10
-122.35988872976007,47.53120194260218,-122.2615532098536,47.67025482606537,1840.0,22721.7,5
-122.2639460483206,47.51228836423141,-122.32339193225,47.68188281812188,1377.1,23601.5,8
-122.38989987195892,47.66424750525395,-122.35399338024882,47.71437074543422,1016.4,9671.9,6
-122.40704152975367,47.66749564168924,-122.34088981453445,47.546007378438645,1902.8,19916.2,11
-122.28058834162418,47.692136862665464,-122.33156881459638,47.51705840203824,1653.9,23618.3,11
-122.32116530604702,47.569658173379466,-122.30705707533184,47.55741792875998,370.5,4242.5,4
-122.3657046774237,47.534588836996484,-122.30432806581068,47.61642853978414,1368.5,15243.7,7
-122.33187459591885,47.53767020632622,-122.2519647024464,47.719650843271225,2494.2,36985.0,7
-122.34654308223857,47.62357930941268,-122.26278450941672,47.569630488527615,1132.7,11611.7,7
-122.35590373156802,47.604150606928854,-122.37888763707423,47.530913959994926,1236.7,12594.4,3
-122.41684739028048,47.61958982787736,-122.4289183869518,47.71819144124812,1220.9,10928.5,11
-122.32279056676366,47.65545860632298,-122.35680908702956,47.65298442774693,351.2,2925.2,8
-122.35635369205609,47.582559846728174,-122.42702925748624,47.59319512579095,953.3,8042.3,8
-122.43058227747822,47.64311099836843,-122.33755330986538,47.65605432241506,1127.3,8643.3,20
-122.42223890561411,47.554242323263615,-122.34072363517411,47.63345101420563,1153.2,14167.5,6
-122.25377737987687,47.59688333617059,-122.35018363524264,47.57075204908146,802.1,11600.6,7
-122.31540712550068,47.541308442361704,-122.41078497520432,47.545901827260174,1102.8,12062.9,8
-122.35999589289058,47.67366662819832,-122.43226709365813,47.57411578163193,1625.0,19797.8,4
-122.27790798354185,47.57764732124956,-122.42693670681244,47.60981805592451,1605.3,17166.4,8
-122.2912666724423,47.59728176914417,-122.27924342264208,47.56751000752632,547.6,4385.4,6
-122.34880794115557,47.530529307455765,-122.35407344560988,47.586470559308715,986.2,9685.2,7
-122.36721737891276,47.608690054292964,-122.25502039195443,47.66078828854121,1166.4,11606.2,5
-122.3634637788366,47.70673443937575,-122.43399753159704,47.50650718312656,3456.6,35285.5,8
-122.37566640080496,47.535279840226636,-122.3709567458336,47.63233994954958,1410.6,15966.0,8
-122.32389731825619,47.527140183787644,-122.35354100695962,47.54347314749929,541.8,5146.9,6
-122.27582899976156,47.5278539172803,-122.26621767635282,47.67124130282482,1706.7,22272.8,7
-122.28184578750258,47.52890176749787,-122.2674470331815,47.69621420792237,1703.8,23894.7,5
-122.3055243113149,47.64949968766566,-122.36851612412146,47.6657618152228,734.9,6123.1,12
-122.27482747193127,47.65622550512885,-122.37110239506227,47.72795620888632,1430.1,15446.0,12
-122.27820128666416,47.50070036966766,-122.29566044628595,47.50403029831582,612.3,3903.3,8
-122.41427709531553,47.49526363032358,-122.35035367694175,47.62895858263788,1631.1,19303.4,12
-122.40468496228725,47.72117177044876,-122.24573401066463,47.68682931550356,1675.8,12954.6,8
-122.28387220982047,47.559057792309716,-122.29806619405306,47.51662031664969,982.7,8547.0,9
-122.26442917883605,47.579844495800096,-122.29559589103228,47.499671213840024,1237.2,20953.2,6
-122.42848332674326,47.645069145643,-122.236662639714,47.54497172536327,2148.1,25299.1,13
-122.29143845191099,47.72783963781935,-122.36260928549474,47.62821043040746,1301.3,15424.7,5
-122.42559225635337,47.64198090210251,-122.36367966799979,47.58931393157737,1609.0,15962.4,12
-122.39314672694535,47.703085221126514,-122.3777230846617,47.50658544091917,2287.4,28301.5,15
-122.37806030577698,47.55643713503642,-122.25630315843264,47.668697128785084,1642.2,21377.9,5
-122.4138419422922,47.616596564342395,-122.4254938155603,47.67305861145798,653.7,5363.3,6
